1,Hidden Cliff,제주 서귀포시 예래해안로 542,2020-04-01,2020-04-03,4,290000,4,S,1,0,0,
2,Hidden Cliff,제주 서귀포시 예래해안로 542,2020-04-01,2020-04-05,4,290000,4,S,1,0,0,
3,Hidden Cliff,제주 서귀포시 예래해안로 542,2020-04-01,2020-04-07,4,290000,4,S,1,0,0,
4,Hidden Cliff,제주 서귀포시 예래해안로 543,2020-04-01,2020-04-03,4,200000,4,D,1,0,0,
5,Hidden Cliff,제주 서귀포시 예래해안로 544,2020-04-01,2020-04-05,4,200000,4,D,1,0,0,
6,Hidden Cliff,제주 서귀포시 예래해안로 545,2020-04-01,2020-04-07,4,200000,4,D,1,0,0,
7,Hidden Cliff,제주 서귀포시 예래해안로 546,2020-04-01,2020-04-03,4,130000,4,N,1,0,0,
8,Hidden Cliff,제주 서귀포시 예래해안로 547,2020-04-01,2020-04-05,4,130000,4,N,1,0,0,
9,Hidden Cliff,제주 서귀포시 예래해안로 548,2020-04-01,2020-04-07,4,130000,4,N,1,0,0,
10,Hidden Cliff,제주 서귀포시 예래해안로 542,2020-04-02,2020-04-04,4,290000,4,S,1,0,0,
11,Hidden Cliff,제주 서귀포시 예래해안로 542,2020-04-02,2020-04-06,4,290000,4,S,1,0,0,
12,Hidden Cliff,제주 서귀포시 예래해안로 542,2020-04-02,2020-04-08,4,290000,4,S,1,0,0,
13,Hidden Cliff,제주 서귀포시 예래해안로 543,2020-04-02,2020-04-04,4,200000,4,D,1,0,0,
14,Hidden Cliff,제주 서귀포시 예래해안로 544,2020-04-02,2020-04-06,4,200000,4,D,1,0,0,
15,Hidden Cliff,제주 서귀포시 예래해안로 545,2020-04-02,2020-04-08,4,200000,4,D,1,0,0,
16,Hidden Cliff,제주 서귀포시 예래해안로 546,2020-04-02,2020-04-04,4,130000,4,N,1,0,0,
17,Hidden Cliff,제주 서귀포시 예래해안로 547,2020-04-02,2020-04-06,4,130000,4,N,1,0,0,
18,Hidden Cliff,제주 서귀포시 예래해안로 548,2020-04-02,2020-04-08,4,130000,4,N,1,0,0,
19,Hidden Cliff,제주 서귀포시 예래해안로 542,2020-04-03,2020-04-05,4,290000,4,S,1,0,0,
20,Hidden Cliff,제주 서귀포시 예래해안로 542,2020-04-03,2020-04-07,4,290000,4,S,1,0,0,
21,Hidden Cliff,제주 서귀포시 예래해안로 542,2020-04-03,2020-04-09,4,290000,4,S,1,0,0,
22,Hidden Cliff,제주 서귀포시 예래해안로 543,2020-04-03,2020-04-05,4,200000,4,D,1,0,0,
23,Hidden Cliff,제주 서귀포시 예래해안로 544,2020-04-03,2020-04-07,4,200000,4,D,1,0,0,
24,Hidden Cliff,제주 서귀포시 예래해안로 545,2020-04-03,2020-04-09,4,200000,4,D,1,0,0,
25,Hidden Cliff,제주 서귀포시 예래해안로 546,2020-04-03,2020-04-05,4,130000,4,N,1,0,0,
26,Hidden Cliff,제주 서귀포시 예래해안로 547,2020-04-03,2020-04-07,4,130000,4,N,1,0,0,
27,Hidden Cliff,제주 서귀포시 예래해안로 548,2020-04-03,2020-04-09,4,130000,4,N,1,0,0,
28,Hidden Cliff,제주 서귀포시 예래해안로 542,2020-04-04,2020-04-06,4,290000,4,S,1,0,0,
29,Hidden Cliff,제주 서귀포시 예래해안로 542,2020-04-04,2020-04-08,4,290000,4,S,1,0,0,
30,Hidden Cliff,제주 서귀포시 예래해안로 542,2020-04-04,2020-04-10,4,290000,4,S,1,0,0,
31,Hidden Cliff,제주 서귀포시 예래해안로 543,2020-04-04,2020-04-06,4,200000,4,D,1,0,0,
32,Hidden Cliff,제주 서귀포시 예래해안로 544,2020-04-04,2020-04-08,4,200000,4,D,1,0,0,
33,Hidden Cliff,제주 서귀포시 예래해안로 545,2020-04-04,2020-04-10,4,200000,4,D,1,0,0,
34,Hidden Cliff,제주 서귀포시 예래해안로 546,2020-04-04,2020-04-06,4,130000,4,N,1,0,0,
35,Hidden Cliff,제주 서귀포시 예래해안로 547,2020-04-04,2020-04-08,4,130000,4,N,1,0,0,
36,Hidden Cliff,제주 서귀포시 예래해안로 548,2020-04-04,2020-04-10,4,130000,4,N,1,0,0,
37,Hidden Cliff,제주 서귀포시 예래해안로 542,2020-04-05,2020-04-07,4,290000,4,S,1,0,0,
38,Hidden Cliff,제주 서귀포시 예래해안로 542,2020-04-05,2020-04-09,4,290000,4,S,1,0,0,
39,Hidden Cliff,제주 서귀포시 예래해안로 542,2020-04-05,2020-04-11,4,290000,4,S,1,0,0,
40,Hidden Cliff,제주 서귀포시 예래해안로 543,2020-04-05,2020-04-07,4,200000,4,D,1,0,0,
41,Hidden Cliff,제주 서귀포시 예래해안로 544,2020-04-05,2020-04-09,4,200000,4,D,1,0,0,
42,Hidden Cliff,제주 서귀포시 예래해안로 545,2020-04-05,2020-04-11,4,200000,4,D,1,0,0,
43,Hidden Cliff,제주 서귀포시 예래해안로 546,2020-04-05,2020-04-07,4,130000,4,N,1,0,0,
44,Hidden Cliff,제주 서귀포시 예래해안로 547,2020-04-05,2020-04-09,4,130000,4,N,1,0,0,
45,Hidden Cliff,제주 서귀포시 예래해안로 548,2020-04-05,2020-04-11,4,130000,4,N,1,0,0,
46,Hidden Cliff,제주 서귀포시 예래해안로 542,2020-04-06,2020-04-08,4,290000,4,S,1,0,0,
47,Hidden Cliff,제주 서귀포시 예래해안로 542,2020-04-06,2020-04-10,4,290000,4,S,1,0,0,
48,Hidden Cliff,제주 서귀포시 예래해안로 542,2020-04-06,2020-04-12,4,290000,4,S,1,0,0,
49,Hidden Cliff,제주 서귀포시 예래해안로 543,2020-04-06,2020-04-08,4,200000,4,D,1,0,0,
50,Hidden Cliff,제주 서귀포시 예래해안로 544,2020-04-06,2020-04-10,4,200000,4,D,1,0,0,
51,Hidden Cliff,제주 서귀포시 예래해안로 545,2020-04-06,2020-04-12,4,200000,4,D,1,0,0,
52,Hidden Cliff,제주 서귀포시 예래해안로 546,2020-04-06,2020-04-08,4,130000,4,N,1,0,0,
53,Hidden Cliff,제주 서귀포시 예래해안로 547,2020-04-06,2020-04-10,4,130000,4,N,1,0,0,
54,Hidden Cliff,제주 서귀포시 예래해안로 548,2020-04-06,2020-04-12,4,130000,4,N,1,0,0,
55,Hidden Cliff,제주 서귀포시 예래해안로 542,2020-04-07,2020-04-09,4,290000,4,S,1,0,0,
56,Hidden Cliff,제주 서귀포시 예래해안로 542,2020-04-07,2020-04-11,4,290000,4,S,1,0,0,
57,Hidden Cliff,제주 서귀포시 예래해안로 542,2020-04-07,2020-04-13,4,290000,4,S,1,0,0,
58,Hidden Cliff,제주 서귀포시 예래해안로 543,2020-04-07,2020-04-09,4,200000,4,D,1,0,0,
59,Hidden Cliff,제주 서귀포시 예래해안로 544,2020-04-07,2020-04-11,4,200000,4,D,1,0,0,
60,Hidden Cliff,제주 서귀포시 예래해안로 545,2020-04-07,2020-04-13,4,200000,4,D,1,0,0,
61,Hidden Cliff,제주 서귀포시 예래해안로 546,2020-04-07,2020-04-09,4,130000,4,N,1,0,0,
62,Hidden Cliff,제주 서귀포시 예래해안로 547,2020-04-07,2020-04-11,4,130000,4,N,1,0,0,
63,Hidden Cliff,제주 서귀포시 예래해안로 548,2020-04-07,2020-04-13,4,130000,4,N,1,0,0,
64,Hidden Cliff,제주 서귀포시 예래해안로 542,2020-04-08,2020-04-10,4,290000,4,S,1,0,0,
65,Hidden Cliff,제주 서귀포시 예래해안로 542,2020-04-08,2020-04-12,4,290000,4,S,1,0,0,
66,Hidden Cliff,제주 서귀포시 예래해안로 542,2020-04-08,2020-04-14,4,290000,4,S,1,0,0,
67,Hidden Cliff,제주 서귀포시 예래해안로 543,2020-04-08,2020-04-10,4,200000,4,D,1,0,0,
68,Hidden Cliff,제주 서귀포시 예래해안로 544,2020-04-08,2020-04-12,4,200000,4,D,1,0,0,
69,Hidden Cliff,제주 서귀포시 예래해안로 545,2020-04-08,2020-04-14,4,200000,4,D,1,0,0,
70,Hidden Cliff,제주 서귀포시 예래해안로 546,2020-04-08,2020-04-10,4,130000,4,N,1,0,0,
71,Hidden Cliff,제주 서귀포시 예래해안로 547,2020-04-08,2020-04-12,4,130000,4,N,1,0,0,
72,Hidden Cliff,제주 서귀포시 예래해안로 548,2020-04-08,2020-04-14,4,130000,4,N,1,0,0,
73,Hidden Cliff,제주 서귀포시 예래해안로 542,2020-04-09,2020-04-11,4,290000,4,S,1,0,0,
74,Hidden Cliff,제주 서귀포시 예래해안로 542,2020-04-09,2020-04-13,4,290000,4,S,1,0,0,
75,Hidden Cliff,제주 서귀포시 예래해안로 542,2020-04-09,2020-04-15,4,290000,4,S,1,0,0,
76,Hidden Cliff,제주 서귀포시 예래해안로 543,2020-04-09,2020-04-11,4,200000,4,D,1,0,0,
77,Hidden Cliff,제주 서귀포시 예래해안로 544,2020-04-09,2020-04-13,4,200000,4,D,1,0,0,
78,Hidden Cliff,제주 서귀포시 예래해안로 545,2020-04-09,2020-04-15,4,200000,4,D,1,0,0,
79,Hidden Cliff,제주 서귀포시 예래해안로 546,2020-04-09,2020-04-11,4,130000,4,N,1,0,0,
80,Hidden Cliff,제주 서귀포시 예래해안로 547,2020-04-09,2020-04-13,4,130000,4,N,1,0,0,
81,Hidden Cliff,제주 서귀포시 예래해안로 548,2020-04-09,2020-04-15,4,130000,4,N,1,0,0,
82,Hidden Cliff,제주 서귀포시 예래해안로 542,2020-04-10,2020-04-12,4,290000,4,S,1,0,0,
83,Hidden Cliff,제주 서귀포시 예래해안로 542,2020-04-10,2020-04-14,4,290000,4,S,1,0,0,
84,Hidden Cliff,제주 서귀포시 예래해안로 542,2020-04-10,2020-04-16,4,290000,4,S,1,0,0,
85,Hidden Cliff,제주 서귀포시 예래해안로 543,2020-04-10,2020-04-12,4,200000,4,D,1,0,0,
86,Hidden Cliff,제주 서귀포시 예래해안로 544,2020-04-10,2020-04-14,4,200000,4,D,1,0,0,
87,Hidden Cliff,제주 서귀포시 예래해안로 545,2020-04-10,2020-04-16,4,200000,4,D,1,0,0,
88,Hidden Cliff,제주 서귀포시 예래해안로 546,2020-04-10,2020-04-12,4,130000,4,N,1,0,0,
89,Hidden Cliff,제주 서귀포시 예래해안로 547,2020-04-10,2020-04-14,4,130000,4,N,1,0,0,
90,Hidden Cliff,제주 서귀포시 예래해안로 548,2020-04-10,2020-04-16,4,130000,4,N,1,0,0,
91,Hidden Cliff,제주 서귀포시 예래해안로 542,2020-04-11,2020-04-13,4,290000,4,S,1,0,0,
92,Hidden Cliff,제주 서귀포시 예래해안로 542,2020-04-11,2020-04-15,4,290000,4,S,1,0,0,
93,Hidden Cliff,제주 서귀포시 예래해안로 542,2020-04-11,2020-04-17,4,290000,4,S,1,0,0,
94,Hidden Cliff,제주 서귀포시 예래해안로 543,2020-04-11,2020-04-13,4,200000,4,D,1,0,0,
95,Hidden Cliff,제주 서귀포시 예래해안로 544,2020-04-11,2020-04-15,4,200000,4,D,1,0,0,
96,Hidden Cliff,제주 서귀포시 예래해안로 545,2020-04-11,2020-04-17,4,200000,4,D,1,0,0,
97,Hidden Cliff,제주 서귀포시 예래해안로 546,2020-04-11,2020-04-13,4,130000,4,N,1,0,0,
98,Hidden Cliff,제주 서귀포시 예래해안로 547,2020-04-11,2020-04-15,4,130000,4,N,1,0,0,
99,Hidden Cliff,제주 서귀포시 예래해안로 548,2020-04-11,2020-04-17,4,130000,4,N,1,0,0,
100,Hidden Cliff,제주 서귀포시 예래해안로 542,2020-04-12,2020-04-14,4,290000,4,S,1,0,0,
101,Hidden Cliff,제주 서귀포시 예래해안로 542,2020-04-12,2020-04-16,4,290000,4,S,1,0,0,
102,Hidden Cliff,제주 서귀포시 예래해안로 542,2020-04-12,2020-04-18,4,290000,4,S,1,0,0,
103,Hidden Cliff,제주 서귀포시 예래해안로 543,2020-04-12,2020-04-14,4,200000,4,D,1,0,0,
104,Hidden Cliff,제주 서귀포시 예래해안로 544,2020-04-12,2020-04-16,4,200000,4,D,1,0,0,
105,Hidden Cliff,제주 서귀포시 예래해안로 545,2020-04-12,2020-04-18,4,200000,4,D,1,0,0,
106,Hidden Cliff,제주 서귀포시 예래해안로 546,2020-04-12,2020-04-14,4,130000,4,N,1,0,0,
107,Hidden Cliff,제주 서귀포시 예래해안로 547,2020-04-12,2020-04-16,4,130000,4,N,1,0,0,
108,Hidden Cliff,제주 서귀포시 예래해안로 548,2020-04-12,2020-04-18,4,130000,4,N,1,0,0,
109,Hidden Cliff,제주 서귀포시 예래해안로 542,2020-04-13,2020-04-15,4,290000,4,S,1,0,0,
110,Hidden Cliff,제주 서귀포시 예래해안로 542,2020-04-13,2020-04-17,4,290000,4,S,1,0,0,
111,Hidden Cliff,제주 서귀포시 예래해안로 542,2020-04-13,2020-04-19,4,290000,4,S,1,0,0,
112,Hidden Cliff,제주 서귀포시 예래해안로 543,2020-04-13,2020-04-15,4,200000,4,D,1,0,0,
113,Hidden Cliff,제주 서귀포시 예래해안로 544,2020-04-13,2020-04-17,4,200000,4,D,1,0,0,
114,Hidden Cliff,제주 서귀포시 예래해안로 545,2020-04-13,2020-04-19,4,200000,4,D,1,0,0,
115,Hidden Cliff,제주 서귀포시 예래해안로 546,2020-04-13,2020-04-15,4,130000,4,N,1,0,0,
116,Hidden Cliff,제주 서귀포시 예래해안로 547,2020-04-13,2020-04-17,4,130000,4,N,1,0,0,
117,Hidden Cliff,제주 서귀포시 예래해안로 548,2020-04-13,2020-04-19,4,130000,4,N,1,0,0,
118,Hidden Cliff,제주 서귀포시 예래해안로 542,2020-04-14,2020-04-16,4,290000,4,S,1,0,0,
119,Hidden Cliff,제주 서귀포시 예래해안로 542,2020-04-14,2020-04-18,4,290000,4,S,1,0,0,
120,Hidden Cliff,제주 서귀포시 예래해안로 542,2020-04-14,2020-04-20,4,290000,4,S,1,0,0,
121,Hidden Cliff,제주 서귀포시 예래해안로 543,2020-04-14,2020-04-16,4,200000,4,D,1,0,0,
122,Hidden Cliff,제주 서귀포시 예래해안로 544,2020-04-14,2020-04-18,4,200000,4,D,1,0,0,
123,Hidden Cliff,제주 서귀포시 예래해안로 545,2020-04-14,2020-04-20,4,200000,4,D,1,0,0,
124,Hidden Cliff,제주 서귀포시 예래해안로 546,2020-04-14,2020-04-16,4,130000,4,N,1,0,0,
125,Hidden Cliff,제주 서귀포시 예래해안로 547,2020-04-14,2020-04-18,4,130000,4,N,1,0,0,
126,Hidden Cliff,제주 서귀포시 예래해안로 548,2020-04-14,2020-04-20,4,130000,4,N,1,0,0,
127,Hidden Cliff,제주 서귀포시 예래해안로 542,2020-04-15,2020-04-17,4,290000,4,S,1,0,0,
128,Hidden Cliff,제주 서귀포시 예래해안로 542,2020-04-15,2020-04-19,4,290000,4,S,1,0,0,
129,Hidden Cliff,제주 서귀포시 예래해안로 542,2020-04-15,2020-04-21,4,290000,4,S,1,0,0,
130,Hidden Cliff,제주 서귀포시 예래해안로 543,2020-04-15,2020-04-17,4,200000,4,D,1,0,0,
131,Hidden Cliff,제주 서귀포시 예래해안로 544,2020-04-15,2020-04-19,4,200000,4,D,1,0,0,
132,Hidden Cliff,제주 서귀포시 예래해안로 545,2020-04-15,2020-04-21,4,200000,4,D,1,0,0,
133,Hidden Cliff,제주 서귀포시 예래해안로 546,2020-04-15,2020-04-17,4,130000,4,N,1,0,0,
134,Hidden Cliff,제주 서귀포시 예래해안로 547,2020-04-15,2020-04-19,4,130000,4,N,1,0,0,
135,Hidden Cliff,제주 서귀포시 예래해안로 548,2020-04-15,2020-04-21,4,130000,4,N,1,0,0,
136,Hidden Cliff,제주 서귀포시 예래해안로 542,2020-04-16,2020-04-18,4,290000,4,S,1,0,0,
137,Hidden Cliff,제주 서귀포시 예래해안로 542,2020-04-16,2020-04-20,4,290000,4,S,1,0,0,
138,Hidden Cliff,제주 서귀포시 예래해안로 542,2020-04-16,2020-04-22,4,290000,4,S,1,0,0,
139,Hidden Cliff,제주 서귀포시 예래해안로 543,2020-04-16,2020-04-18,4,200000,4,D,1,0,0,
140,Hidden Cliff,제주 서귀포시 예래해안로 544,2020-04-16,2020-04-20,4,200000,4,D,1,0,0,
141,Hidden Cliff,제주 서귀포시 예래해안로 545,2020-04-16,2020-04-22,4,200000,4,D,1,0,0,
142,Hidden Cliff,제주 서귀포시 예래해안로 546,2020-04-16,2020-04-18,4,130000,4,N,1,0,0,
143,Hidden Cliff,제주 서귀포시 예래해안로 547,2020-04-16,2020-04-20,4,130000,4,N,1,0,0,
144,Hidden Cliff,제주 서귀포시 예래해안로 548,2020-04-16,2020-04-22,4,130000,4,N,1,0,0,
145,Hidden Cliff,제주 서귀포시 예래해안로 542,2020-04-17,2020-04-19,4,290000,4,S,1,0,0,
146,Hidden Cliff,제주 서귀포시 예래해안로 542,2020-04-17,2020-04-21,4,290000,4,S,1,0,0,
147,Hidden Cliff,제주 서귀포시 예래해안로 542,2020-04-17,2020-04-23,4,290000,4,S,1,0,0,
148,Hidden Cliff,제주 서귀포시 예래해안로 543,2020-04-17,2020-04-19,4,200000,4,D,1,0,0,
149,Hidden Cliff,제주 서귀포시 예래해안로 544,2020-04-17,2020-04-21,4,200000,4,D,1,0,0,
150,Hidden Cliff,제주 서귀포시 예래해안로 545,2020-04-17,2020-04-23,4,200000,4,D,1,0,0,
151,Hidden Cliff,제주 서귀포시 예래해안로 546,2020-04-17,2020-04-19,4,130000,4,N,1,0,0,
152,Hidden Cliff,제주 서귀포시 예래해안로 547,2020-04-17,2020-04-21,4,130000,4,N,1,0,0,
153,Hidden Cliff,제주 서귀포시 예래해안로 548,2020-04-17,2020-04-23,4,130000,4,N,1,0,0,
154,Hidden Cliff,제주 서귀포시 예래해안로 542,2020-04-18,2020-04-20,4,290000,4,S,1,0,0,
155,Hidden Cliff,제주 서귀포시 예래해안로 542,2020-04-18,2020-04-22,4,290000,4,S,1,0,0,
156,Hidden Cliff,제주 서귀포시 예래해안로 542,2020-04-18,2020-04-24,4,290000,4,S,1,0,0,
157,Hidden Cliff,제주 서귀포시 예래해안로 543,2020-04-18,2020-04-20,4,200000,4,D,1,0,0,
158,Hidden Cliff,제주 서귀포시 예래해안로 544,2020-04-18,2020-04-22,4,200000,4,D,1,0,0,
159,Hidden Cliff,제주 서귀포시 예래해안로 545,2020-04-18,2020-04-24,4,200000,4,D,1,0,0,
160,Hidden Cliff,제주 서귀포시 예래해안로 546,2020-04-18,2020-04-20,4,130000,4,N,1,0,0,
161,Hidden Cliff,제주 서귀포시 예래해안로 547,2020-04-18,2020-04-22,4,130000,4,N,1,0,0,
162,Hidden Cliff,제주 서귀포시 예래해안로 548,2020-04-18,2020-04-24,4,130000,4,N,1,0,0,
163,Hidden Cliff,제주 서귀포시 예래해안로 542,2020-04-19,2020-04-21,4,290000,4,S,1,0,0,
164,Hidden Cliff,제주 서귀포시 예래해안로 542,2020-04-19,2020-04-23,4,290000,4,S,1,0,0,
165,Hidden Cliff,제주 서귀포시 예래해안로 542,2020-04-19,2020-04-25,4,290000,4,S,1,0,0,
166,Hidden Cliff,제주 서귀포시 예래해안로 543,2020-04-19,2020-04-21,4,200000,4,D,1,0,0,
167,Hidden Cliff,제주 서귀포시 예래해안로 544,2020-04-19,2020-04-23,4,200000,4,D,1,0,0,
168,Hidden Cliff,제주 서귀포시 예래해안로 545,2020-04-19,2020-04-25,4,200000,4,D,1,0,0,
169,Hidden Cliff,제주 서귀포시 예래해안로 546,2020-04-19,2020-04-21,4,130000,4,N,1,0,0,
170,Hidden Cliff,제주 서귀포시 예래해안로 547,2020-04-19,2020-04-23,4,130000,4,N,1,0,0,
171,Hidden Cliff,제주 서귀포시 예래해안로 548,2020-04-19,2020-04-25,4,130000,4,N,1,0,0,
172,Hidden Cliff,제주 서귀포시 예래해안로 542,2020-04-20,2020-04-22,4,290000,4,S,1,0,0,
173,Hidden Cliff,제주 서귀포시 예래해안로 542,2020-04-20,2020-04-24,4,290000,4,S,1,0,0,
174,Hidden Cliff,제주 서귀포시 예래해안로 542,2020-04-20,2020-04-26,4,290000,4,S,1,0,0,
175,Hidden Cliff,제주 서귀포시 예래해안로 543,2020-04-20,2020-04-22,4,200000,4,D,1,0,0,
176,Hidden Cliff,제주 서귀포시 예래해안로 544,2020-04-20,2020-04-24,4,200000,4,D,1,0,0,
177,Hidden Cliff,제주 서귀포시 예래해안로 545,2020-04-20,2020-04-26,4,200000,4,D,1,0,0,
178,Hidden Cliff,제주 서귀포시 예래해안로 546,2020-04-20,2020-04-22,4,130000,4,N,1,0,0,
179,Hidden Cliff,제주 서귀포시 예래해안로 547,2020-04-20,2020-04-24,4,130000,4,N,1,0,0,
180,Hidden Cliff,제주 서귀포시 예래해안로 548,2020-04-20,2020-04-26,4,130000,4,N,1,0,0,
181,Hidden Cliff,제주 서귀포시 예래해안로 542,2020-04-21,2020-04-23,4,290000,4,S,1,0,0,
182,Hidden Cliff,제주 서귀포시 예래해안로 542,2020-04-21,2020-04-25,4,290000,4,S,1,0,0,
183,Hidden Cliff,제주 서귀포시 예래해안로 542,2020-04-21,2020-04-27,4,290000,4,S,1,0,0,
184,Hidden Cliff,제주 서귀포시 예래해안로 543,2020-04-21,2020-04-23,4,200000,4,D,1,0,0,
185,Hidden Cliff,제주 서귀포시 예래해안로 544,2020-04-21,2020-04-25,4,200000,4,D,1,0,0,
186,Hidden Cliff,제주 서귀포시 예래해안로 545,2020-04-21,2020-04-27,4,200000,4,D,1,0,0,
187,Hidden Cliff,제주 서귀포시 예래해안로 546,2020-04-21,2020-04-23,4,130000,4,N,1,0,0,
188,Hidden Cliff,제주 서귀포시 예래해안로 547,2020-04-21,2020-04-25,4,130000,4,N,1,0,0,
189,Hidden Cliff,제주 서귀포시 예래해안로 548,2020-04-21,2020-04-27,4,130000,4,N,1,0,0,
190,Hidden Cliff,제주 서귀포시 예래해안로 542,2020-04-22,2020-04-24,4,290000,4,S,1,0,0,
191,Hidden Cliff,제주 서귀포시 예래해안로 542,2020-04-22,2020-04-26,4,290000,4,S,1,0,0,
192,Hidden Cliff,제주 서귀포시 예래해안로 542,2020-04-22,2020-04-28,4,290000,4,S,1,0,0,
193,Hidden Cliff,제주 서귀포시 예래해안로 543,2020-04-22,2020-04-24,4,200000,4,D,1,0,0,
194,Hidden Cliff,제주 서귀포시 예래해안로 544,2020-04-22,2020-04-26,4,200000,4,D,1,0,0,
195,Hidden Cliff,제주 서귀포시 예래해안로 545,2020-04-22,2020-04-28,4,200000,4,D,1,0,0,
196,Hidden Cliff,제주 서귀포시 예래해안로 546,2020-04-22,2020-04-24,4,130000,4,N,1,0,0,
197,Hidden Cliff,제주 서귀포시 예래해안로 547,2020-04-22,2020-04-26,4,130000,4,N,1,0,0,
198,Hidden Cliff,제주 서귀포시 예래해안로 548,2020-04-22,2020-04-28,4,130000,4,N,1,0,0,
199,Hidden Cliff,제주 서귀포시 예래해안로 542,2020-04-23,2020-04-25,4,290000,4,S,1,0,0,
200,Hidden Cliff,제주 서귀포시 예래해안로 542,2020-04-23,2020-04-27,4,290000,4,S,1,0,0,
201,Hidden Cliff,제주 서귀포시 예래해안로 542,2020-04-23,2020-04-29,4,290000,4,S,1,0,0,
202,Hidden Cliff,제주 서귀포시 예래해안로 543,2020-04-23,2020-04-25,4,200000,4,D,1,0,0,
203,Hidden Cliff,제주 서귀포시 예래해안로 544,2020-04-23,2020-04-27,4,200000,4,D,1,0,0,
204,Hidden Cliff,제주 서귀포시 예래해안로 545,2020-04-23,2020-04-29,4,200000,4,D,1,0,0,
205,Hidden Cliff,제주 서귀포시 예래해안로 546,2020-04-23,2020-04-25,4,130000,4,N,1,0,0,
206,Hidden Cliff,제주 서귀포시 예래해안로 547,2020-04-23,2020-04-27,4,130000,4,N,1,0,0,
207,Hidden Cliff,제주 서귀포시 예래해안로 548,2020-04-23,2020-04-29,4,130000,4,N,1,0,0,
208,Hidden Cliff,제주 서귀포시 예래해안로 542,2020-04-24,2020-04-26,4,290000,4,S,1,0,0,
209,Hidden Cliff,제주 서귀포시 예래해안로 542,2020-04-24,2020-04-28,4,290000,4,S,1,0,0,
210,Hidden Cliff,제주 서귀포시 예래해안로 542,2020-04-24,2020-04-30,4,290000,4,S,1,0,0,
211,Hidden Cliff,제주 서귀포시 예래해안로 543,2020-04-24,2020-04-26,4,200000,4,D,1,0,0,
212,Hidden Cliff,제주 서귀포시 예래해안로 544,2020-04-24,2020-04-28,4,200000,4,D,1,0,0,
213,Hidden Cliff,제주 서귀포시 예래해안로 545,2020-04-24,2020-04-30,4,200000,4,D,1,0,0,
214,Hidden Cliff,제주 서귀포시 예래해안로 546,2020-04-24,2020-04-26,4,130000,4,N,1,0,0,
215,Hidden Cliff,제주 서귀포시 예래해안로 547,2020-04-24,2020-04-28,4,130000,4,N,1,0,0,
216,Hidden Cliff,제주 서귀포시 예래해안로 548,2020-04-24,2020-04-30,4,130000,4,N,1,0,0,
217,Hidden Cliff,제주 서귀포시 예래해안로 542,2020-04-25,2020-04-27,4,290000,4,S,1,0,0,
218,Hidden Cliff,제주 서귀포시 예래해안로 542,2020-04-25,2020-04-29,4,290000,4,S,1,0,0,
219,Hidden Cliff,제주 서귀포시 예래해안로 542,2020-04-25,2020-05-01,4,290000,4,S,1,0,0,
220,Hidden Cliff,제주 서귀포시 예래해안로 543,2020-04-25,2020-04-27,4,200000,4,D,1,0,0,
221,Hidden Cliff,제주 서귀포시 예래해안로 544,2020-04-25,2020-04-29,4,200000,4,D,1,0,0,
222,Hidden Cliff,제주 서귀포시 예래해안로 545,2020-04-25,2020-05-01,4,200000,4,D,1,0,0,
223,Hidden Cliff,제주 서귀포시 예래해안로 546,2020-04-25,2020-04-27,4,130000,4,N,1,0,0,
224,Hidden Cliff,제주 서귀포시 예래해안로 547,2020-04-25,2020-04-29,4,130000,4,N,1,0,0,
225,Hidden Cliff,제주 서귀포시 예래해안로 548,2020-04-25,2020-05-01,4,130000,4,N,1,0,0,
226,Hidden Cliff,제주 서귀포시 예래해안로 542,2020-04-26,2020-04-28,4,290000,4,S,1,0,0,
227,Hidden Cliff,제주 서귀포시 예래해안로 542,2020-04-26,2020-04-30,4,290000,4,S,1,0,0,
228,Hidden Cliff,제주 서귀포시 예래해안로 542,2020-04-26,2020-05-02,4,290000,4,S,1,0,0,
229,Hidden Cliff,제주 서귀포시 예래해안로 543,2020-04-26,2020-04-28,4,200000,4,D,1,0,0,
230,Hidden Cliff,제주 서귀포시 예래해안로 544,2020-04-26,2020-04-30,4,200000,4,D,1,0,0,
231,Hidden Cliff,제주 서귀포시 예래해안로 545,2020-04-26,2020-05-02,4,200000,4,D,1,0,0,
232,Hidden Cliff,제주 서귀포시 예래해안로 546,2020-04-26,2020-04-28,4,130000,4,N,1,0,0,
233,Hidden Cliff,제주 서귀포시 예래해안로 547,2020-04-26,2020-04-30,4,130000,4,N,1,0,0,
234,Hidden Cliff,제주 서귀포시 예래해안로 548,2020-04-26,2020-05-02,4,130000,4,N,1,0,0,
235,Hidden Cliff,제주 서귀포시 예래해안로 542,2020-04-27,2020-04-29,4,290000,4,S,1,0,0,
236,Hidden Cliff,제주 서귀포시 예래해안로 542,2020-04-27,2020-05-01,4,290000,4,S,1,0,0,
237,Hidden Cliff,제주 서귀포시 예래해안로 542,2020-04-27,2020-05-03,4,290000,4,S,1,0,0,
238,Hidden Cliff,제주 서귀포시 예래해안로 543,2020-04-27,2020-04-29,4,200000,4,D,1,0,0,
239,Hidden Cliff,제주 서귀포시 예래해안로 544,2020-04-27,2020-05-01,4,200000,4,D,1,0,0,
240,Hidden Cliff,제주 서귀포시 예래해안로 545,2020-04-27,2020-05-03,4,200000,4,D,1,0,0,
241,Hidden Cliff,제주 서귀포시 예래해안로 546,2020-04-27,2020-04-29,4,130000,4,N,1,0,0,
242,Hidden Cliff,제주 서귀포시 예래해안로 547,2020-04-27,2020-05-01,4,130000,4,N,1,0,0,
243,Hidden Cliff,제주 서귀포시 예래해안로 548,2020-04-27,2020-05-03,4,130000,4,N,1,0,0,
244,Hidden Cliff,제주 서귀포시 예래해안로 542,2020-04-28,2020-04-30,4,290000,4,S,1,0,0,
245,Hidden Cliff,제주 서귀포시 예래해안로 542,2020-04-28,2020-05-02,4,290000,4,S,1,0,0,
246,Hidden Cliff,제주 서귀포시 예래해안로 542,2020-04-28,2020-05-04,4,290000,4,S,1,0,0,
247,Hidden Cliff,제주 서귀포시 예래해안로 543,2020-04-28,2020-04-30,4,200000,4,D,1,0,0,
248,Hidden Cliff,제주 서귀포시 예래해안로 544,2020-04-28,2020-05-02,4,200000,4,D,1,0,0,
249,Hidden Cliff,제주 서귀포시 예래해안로 545,2020-04-28,2020-05-04,4,200000,4,D,1,0,0,
250,Hidden Cliff,제주 서귀포시 예래해안로 546,2020-04-28,2020-04-30,4,130000,4,N,1,0,0,
251,Hidden Cliff,제주 서귀포시 예래해안로 547,2020-04-28,2020-05-02,4,130000,4,N,1,0,0,
252,Hidden Cliff,제주 서귀포시 예래해안로 548,2020-04-28,2020-05-04,4,130000,4,N,1,0,0,
253,Hidden Cliff,제주 서귀포시 예래해안로 542,2020-04-29,2020-05-01,4,290000,4,S,1,0,0,
254,Hidden Cliff,제주 서귀포시 예래해안로 542,2020-04-29,2020-05-03,4,290000,4,S,1,0,0,
255,Hidden Cliff,제주 서귀포시 예래해안로 542,2020-04-29,2020-05-05,4,290000,4,S,1,0,0,
256,Hidden Cliff,제주 서귀포시 예래해안로 543,2020-04-29,2020-05-01,4,200000,4,D,1,0,0,
257,Hidden Cliff,제주 서귀포시 예래해안로 544,2020-04-29,2020-05-03,4,200000,4,D,1,0,0,
258,Hidden Cliff,제주 서귀포시 예래해안로 545,2020-04-29,2020-05-05,4,200000,4,D,1,0,0,
259,Hidden Cliff,제주 서귀포시 예래해안로 546,2020-04-29,2020-05-01,4,130000,4,N,1,0,0,
260,Hidden Cliff,제주 서귀포시 예래해안로 547,2020-04-29,2020-05-03,4,130000,4,N,1,0,0,
261,Hidden Cliff,제주 서귀포시 예래해안로 548,2020-04-29,2020-05-05,4,130000,4,N,1,0,0,
262,Hidden Cliff,제주 서귀포시 예래해안로 542,2020-04-30,2020-05-02,4,290000,4,S,1,0,0,
263,Hidden Cliff,제주 서귀포시 예래해안로 542,2020-04-30,2020-05-04,4,290000,4,S,1,0,0,
264,Hidden Cliff,제주 서귀포시 예래해안로 542,2020-04-30,2020-05-06,4,290000,4,S,1,0,0,
265,Hidden Cliff,제주 서귀포시 예래해안로 543,2020-04-30,2020-05-02,4,200000,4,D,1,0,0,
266,Hidden Cliff,제주 서귀포시 예래해안로 544,2020-04-30,2020-05-04,4,200000,4,D,1,0,0,
267,Hidden Cliff,제주 서귀포시 예래해안로 545,2020-04-30,2020-05-06,4,200000,4,D,1,0,0,
268,Hidden Cliff,제주 서귀포시 예래해안로 546,2020-04-30,2020-05-02,4,130000,4,N,1,0,0,
269,Hidden Cliff,제주 서귀포시 예래해안로 547,2020-04-30,2020-05-04,4,130000,4,N,1,0,0,
270,Hidden Cliff,제주 서귀포시 예래해안로 548,2020-04-30,2020-05-06,4,130000,4,N,1,0,0,
271,Shinagawa Prince Hotel,4-10-30 Takanawa Minato Tokyo 108-8612 도쿄 일본,2020-04-01,2020-04-03,4,550000,4,S,0,0,0,
272,Shinagawa Prince Hotel,4-10-30 Takanawa Minato Tokyo 108-8612 도쿄 일본,2020-04-01,2020-04-05,4,550000,4,S,0,0,0,
273,Shinagawa Prince Hotel,4-10-30 Takanawa Minato Tokyo 108-8612 도쿄 일본,2020-04-01,2020-04-07,4,550000,4,S,0,0,0,
274,Shinagawa Prince Hotel,4-10-30 Takanawa Minato Tokyo 108-8612 도쿄 일본,2020-04-01,2020-04-03,4,340000,4,D,0,0,0,
275,Shinagawa Prince Hotel,4-10-30 Takanawa Minato Tokyo 108-8612 도쿄 일본,2020-04-01,2020-04-05,4,340000,4,D,0,0,0,
276,Shinagawa Prince Hotel,4-10-30 Takanawa Minato Tokyo 108-8612 도쿄 일본,2020-04-01,2020-04-07,4,340000,4,D,0,0,0,
277,Shinagawa Prince Hotel,4-10-30 Takanawa Minato Tokyo 108-8612 도쿄 일본,2020-04-01,2020-04-03,4,210000,4,N,0,0,0,
278,Shinagawa Prince Hotel,4-10-30 Takanawa Minato Tokyo 108-8612 도쿄 일본,2020-04-01,2020-04-05,4,210000,4,N,0,0,0,
279,Shinagawa Prince Hotel,4-10-30 Takanawa Minato Tokyo 108-8612 도쿄 일본,2020-04-01,2020-04-07,4,210000,4,N,0,0,0,
280,Shinagawa Prince Hotel,4-10-30 Takanawa Minato Tokyo 108-8612 도쿄 일본,2020-04-02,2020-04-04,4,550000,4,S,0,0,0,
281,Shinagawa Prince Hotel,4-10-30 Takanawa Minato Tokyo 108-8612 도쿄 일본,2020-04-02,2020-04-06,4,550000,4,S,0,0,0,
282,Shinagawa Prince Hotel,4-10-30 Takanawa Minato Tokyo 108-8612 도쿄 일본,2020-04-02,2020-04-08,4,550000,4,S,0,0,0,
283,Shinagawa Prince Hotel,4-10-30 Takanawa Minato Tokyo 108-8612 도쿄 일본,2020-04-02,2020-04-04,4,340000,4,D,0,0,0,
284,Shinagawa Prince Hotel,4-10-30 Takanawa Minato Tokyo 108-8612 도쿄 일본,2020-04-02,2020-04-06,4,340000,4,D,0,0,0,
285,Shinagawa Prince Hotel,4-10-30 Takanawa Minato Tokyo 108-8612 도쿄 일본,2020-04-02,2020-04-08,4,340000,4,D,0,0,0,
286,Shinagawa Prince Hotel,4-10-30 Takanawa Minato Tokyo 108-8612 도쿄 일본,2020-04-02,2020-04-04,4,210000,4,N,0,0,0,
287,Shinagawa Prince Hotel,4-10-30 Takanawa Minato Tokyo 108-8612 도쿄 일본,2020-04-02,2020-04-06,4,210000,4,N,0,0,0,
288,Shinagawa Prince Hotel,4-10-30 Takanawa Minato Tokyo 108-8612 도쿄 일본,2020-04-02,2020-04-08,4,210000,4,N,0,0,0,
289,Shinagawa Prince Hotel,4-10-30 Takanawa Minato Tokyo 108-8612 도쿄 일본,2020-04-03,2020-04-05,4,550000,4,S,0,0,0,
290,Shinagawa Prince Hotel,4-10-30 Takanawa Minato Tokyo 108-8612 도쿄 일본,2020-04-03,2020-04-07,4,550000,4,S,0,0,0,
291,Shinagawa Prince Hotel,4-10-30 Takanawa Minato Tokyo 108-8612 도쿄 일본,2020-04-03,2020-04-09,4,550000,4,S,0,0,0,
292,Shinagawa Prince Hotel,4-10-30 Takanawa Minato Tokyo 108-8612 도쿄 일본,2020-04-03,2020-04-05,4,340000,4,D,0,0,0,
293,Shinagawa Prince Hotel,4-10-30 Takanawa Minato Tokyo 108-8612 도쿄 일본,2020-04-03,2020-04-07,4,340000,4,D,0,0,0,
294,Shinagawa Prince Hotel,4-10-30 Takanawa Minato Tokyo 108-8612 도쿄 일본,2020-04-03,2020-04-09,4,340000,4,D,0,0,0,
295,Shinagawa Prince Hotel,4-10-30 Takanawa Minato Tokyo 108-8612 도쿄 일본,2020-04-03,2020-04-05,4,210000,4,N,0,0,0,
296,Shinagawa Prince Hotel,4-10-30 Takanawa Minato Tokyo 108-8612 도쿄 일본,2020-04-03,2020-04-07,4,210000,4,N,0,0,0,
297,Shinagawa Prince Hotel,4-10-30 Takanawa Minato Tokyo 108-8612 도쿄 일본,2020-04-03,2020-04-09,4,210000,4,N,0,0,0,
298,Shinagawa Prince Hotel,4-10-30 Takanawa Minato Tokyo 108-8612 도쿄 일본,2020-04-04,2020-04-06,4,550000,4,S,0,0,0,
299,Shinagawa Prince Hotel,4-10-30 Takanawa Minato Tokyo 108-8612 도쿄 일본,2020-04-04,2020-04-08,4,550000,4,S,0,0,0,
300,Shinagawa Prince Hotel,4-10-30 Takanawa Minato Tokyo 108-8612 도쿄 일본,2020-04-04,2020-04-10,4,550000,4,S,0,0,0,
301,Shinagawa Prince Hotel,4-10-30 Takanawa Minato Tokyo 108-8612 도쿄 일본,2020-04-04,2020-04-06,4,340000,4,D,0,0,0,
302,Shinagawa Prince Hotel,4-10-30 Takanawa Minato Tokyo 108-8612 도쿄 일본,2020-04-04,2020-04-08,4,340000,4,D,0,0,0,
303,Shinagawa Prince Hotel,4-10-30 Takanawa Minato Tokyo 108-8612 도쿄 일본,2020-04-04,2020-04-10,4,340000,4,D,0,0,0,
304,Shinagawa Prince Hotel,4-10-30 Takanawa Minato Tokyo 108-8612 도쿄 일본,2020-04-04,2020-04-06,4,210000,4,N,0,0,0,
305,Shinagawa Prince Hotel,4-10-30 Takanawa Minato Tokyo 108-8612 도쿄 일본,2020-04-04,2020-04-08,4,210000,4,N,0,0,0,
306,Shinagawa Prince Hotel,4-10-30 Takanawa Minato Tokyo 108-8612 도쿄 일본,2020-04-04,2020-04-10,4,210000,4,N,0,0,0,
307,Shinagawa Prince Hotel,4-10-30 Takanawa Minato Tokyo 108-8612 도쿄 일본,2020-04-05,2020-04-07,4,550000,4,S,0,0,0,
308,Shinagawa Prince Hotel,4-10-30 Takanawa Minato Tokyo 108-8612 도쿄 일본,2020-04-05,2020-04-09,4,550000,4,S,0,0,0,
309,Shinagawa Prince Hotel,4-10-30 Takanawa Minato Tokyo 108-8612 도쿄 일본,2020-04-05,2020-04-11,4,550000,4,S,0,0,0,
310,Shinagawa Prince Hotel,4-10-30 Takanawa Minato Tokyo 108-8612 도쿄 일본,2020-04-05,2020-04-07,4,340000,4,D,0,0,0,
311,Shinagawa Prince Hotel,4-10-30 Takanawa Minato Tokyo 108-8612 도쿄 일본,2020-04-05,2020-04-09,4,340000,4,D,0,0,0,
312,Shinagawa Prince Hotel,4-10-30 Takanawa Minato Tokyo 108-8612 도쿄 일본,2020-04-05,2020-04-11,4,340000,4,D,0,0,0,
313,Shinagawa Prince Hotel,4-10-30 Takanawa Minato Tokyo 108-8612 도쿄 일본,2020-04-05,2020-04-07,4,210000,4,N,0,0,0,
314,Shinagawa Prince Hotel,4-10-30 Takanawa Minato Tokyo 108-8612 도쿄 일본,2020-04-05,2020-04-09,4,210000,4,N,0,0,0,
315,Shinagawa Prince Hotel,4-10-30 Takanawa Minato Tokyo 108-8612 도쿄 일본,2020-04-05,2020-04-11,4,210000,4,N,0,0,0,
316,Shinagawa Prince Hotel,4-10-30 Takanawa Minato Tokyo 108-8612 도쿄 일본,2020-04-06,2020-04-08,4,550000,4,S,0,0,0,
317,Shinagawa Prince Hotel,4-10-30 Takanawa Minato Tokyo 108-8612 도쿄 일본,2020-04-06,2020-04-10,4,550000,4,S,0,0,0,
318,Shinagawa Prince Hotel,4-10-30 Takanawa Minato Tokyo 108-8612 도쿄 일본,2020-04-06,2020-04-12,4,550000,4,S,0,0,0,
319,Shinagawa Prince Hotel,4-10-30 Takanawa Minato Tokyo 108-8612 도쿄 일본,2020-04-06,2020-04-08,4,340000,4,D,0,0,0,
320,Shinagawa Prince Hotel,4-10-30 Takanawa Minato Tokyo 108-8612 도쿄 일본,2020-04-06,2020-04-10,4,340000,4,D,0,0,0,
321,Shinagawa Prince Hotel,4-10-30 Takanawa Minato Tokyo 108-8612 도쿄 일본,2020-04-06,2020-04-12,4,340000,4,D,0,0,0,
322,Shinagawa Prince Hotel,4-10-30 Takanawa Minato Tokyo 108-8612 도쿄 일본,2020-04-06,2020-04-08,4,210000,4,N,0,0,0,
323,Shinagawa Prince Hotel,4-10-30 Takanawa Minato Tokyo 108-8612 도쿄 일본,2020-04-06,2020-04-10,4,210000,4,N,0,0,0,
324,Shinagawa Prince Hotel,4-10-30 Takanawa Minato Tokyo 108-8612 도쿄 일본,2020-04-06,2020-04-12,4,210000,4,N,0,0,0,
325,Shinagawa Prince Hotel,4-10-30 Takanawa Minato Tokyo 108-8612 도쿄 일본,2020-04-07,2020-04-09,4,550000,4,S,0,0,0,
326,Shinagawa Prince Hotel,4-10-30 Takanawa Minato Tokyo 108-8612 도쿄 일본,2020-04-07,2020-04-11,4,550000,4,S,0,0,0,
327,Shinagawa Prince Hotel,4-10-30 Takanawa Minato Tokyo 108-8612 도쿄 일본,2020-04-07,2020-04-13,4,550000,4,S,0,0,0,
328,Shinagawa Prince Hotel,4-10-30 Takanawa Minato Tokyo 108-8612 도쿄 일본,2020-04-07,2020-04-09,4,340000,4,D,0,0,0,
329,Shinagawa Prince Hotel,4-10-30 Takanawa Minato Tokyo 108-8612 도쿄 일본,2020-04-07,2020-04-11,4,340000,4,D,0,0,0,
330,Shinagawa Prince Hotel,4-10-30 Takanawa Minato Tokyo 108-8612 도쿄 일본,2020-04-07,2020-04-13,4,340000,4,D,0,0,0,
331,Shinagawa Prince Hotel,4-10-30 Takanawa Minato Tokyo 108-8612 도쿄 일본,2020-04-07,2020-04-09,4,210000,4,N,0,0,0,
332,Shinagawa Prince Hotel,4-10-30 Takanawa Minato Tokyo 108-8612 도쿄 일본,2020-04-07,2020-04-11,4,210000,4,N,0,0,0,
333,Shinagawa Prince Hotel,4-10-30 Takanawa Minato Tokyo 108-8612 도쿄 일본,2020-04-07,2020-04-13,4,210000,4,N,0,0,0,
334,Shinagawa Prince Hotel,4-10-30 Takanawa Minato Tokyo 108-8612 도쿄 일본,2020-04-08,2020-04-10,4,550000,4,S,0,0,0,
335,Shinagawa Prince Hotel,4-10-30 Takanawa Minato Tokyo 108-8612 도쿄 일본,2020-04-08,2020-04-12,4,550000,4,S,0,0,0,
336,Shinagawa Prince Hotel,4-10-30 Takanawa Minato Tokyo 108-8612 도쿄 일본,2020-04-08,2020-04-14,4,550000,4,S,0,0,0,
337,Shinagawa Prince Hotel,4-10-30 Takanawa Minato Tokyo 108-8612 도쿄 일본,2020-04-08,2020-04-10,4,340000,4,D,0,0,0,
338,Shinagawa Prince Hotel,4-10-30 Takanawa Minato Tokyo 108-8612 도쿄 일본,2020-04-08,2020-04-12,4,340000,4,D,0,0,0,
339,Shinagawa Prince Hotel,4-10-30 Takanawa Minato Tokyo 108-8612 도쿄 일본,2020-04-08,2020-04-14,4,340000,4,D,0,0,0,
340,Shinagawa Prince Hotel,4-10-30 Takanawa Minato Tokyo 108-8612 도쿄 일본,2020-04-08,2020-04-10,4,210000,4,N,0,0,0,
341,Shinagawa Prince Hotel,4-10-30 Takanawa Minato Tokyo 108-8612 도쿄 일본,2020-04-08,2020-04-12,4,210000,4,N,0,0,0,
342,Shinagawa Prince Hotel,4-10-30 Takanawa Minato Tokyo 108-8612 도쿄 일본,2020-04-08,2020-04-14,4,210000,4,N,0,0,0,
343,Shinagawa Prince Hotel,4-10-30 Takanawa Minato Tokyo 108-8612 도쿄 일본,2020-04-09,2020-04-11,4,550000,4,S,0,0,0,
344,Shinagawa Prince Hotel,4-10-30 Takanawa Minato Tokyo 108-8612 도쿄 일본,2020-04-09,2020-04-13,4,550000,4,S,0,0,0,
345,Shinagawa Prince Hotel,4-10-30 Takanawa Minato Tokyo 108-8612 도쿄 일본,2020-04-09,2020-04-15,4,550000,4,S,0,0,0,
346,Shinagawa Prince Hotel,4-10-30 Takanawa Minato Tokyo 108-8612 도쿄 일본,2020-04-09,2020-04-11,4,340000,4,D,0,0,0,
347,Shinagawa Prince Hotel,4-10-30 Takanawa Minato Tokyo 108-8612 도쿄 일본,2020-04-09,2020-04-13,4,340000,4,D,0,0,0,
348,Shinagawa Prince Hotel,4-10-30 Takanawa Minato Tokyo 108-8612 도쿄 일본,2020-04-09,2020-04-15,4,340000,4,D,0,0,0,
349,Shinagawa Prince Hotel,4-10-30 Takanawa Minato Tokyo 108-8612 도쿄 일본,2020-04-09,2020-04-11,4,210000,4,N,0,0,0,
350,Shinagawa Prince Hotel,4-10-30 Takanawa Minato Tokyo 108-8612 도쿄 일본,2020-04-09,2020-04-13,4,210000,4,N,0,0,0,
351,Shinagawa Prince Hotel,4-10-30 Takanawa Minato Tokyo 108-8612 도쿄 일본,2020-04-09,2020-04-15,4,210000,4,N,0,0,0,
352,Shinagawa Prince Hotel,4-10-30 Takanawa Minato Tokyo 108-8612 도쿄 일본,2020-04-10,2020-04-12,4,550000,4,S,0,0,0,
353,Shinagawa Prince Hotel,4-10-30 Takanawa Minato Tokyo 108-8612 도쿄 일본,2020-04-10,2020-04-14,4,550000,4,S,0,0,0,
354,Shinagawa Prince Hotel,4-10-30 Takanawa Minato Tokyo 108-8612 도쿄 일본,2020-04-10,2020-04-16,4,550000,4,S,0,0,0,
355,Shinagawa Prince Hotel,4-10-30 Takanawa Minato Tokyo 108-8612 도쿄 일본,2020-04-10,2020-04-12,4,340000,4,D,0,0,0,
356,Shinagawa Prince Hotel,4-10-30 Takanawa Minato Tokyo 108-8612 도쿄 일본,2020-04-10,2020-04-14,4,340000,4,D,0,0,0,
357,Shinagawa Prince Hotel,4-10-30 Takanawa Minato Tokyo 108-8612 도쿄 일본,2020-04-10,2020-04-16,4,340000,4,D,0,0,0,
358,Shinagawa Prince Hotel,4-10-30 Takanawa Minato Tokyo 108-8612 도쿄 일본,2020-04-10,2020-04-12,4,210000,4,N,0,0,0,
359,Shinagawa Prince Hotel,4-10-30 Takanawa Minato Tokyo 108-8612 도쿄 일본,2020-04-10,2020-04-14,4,210000,4,N,0,0,0,
360,Shinagawa Prince Hotel,4-10-30 Takanawa Minato Tokyo 108-8612 도쿄 일본,2020-04-10,2020-04-16,4,210000,4,N,0,0,0,
361,Shinagawa Prince Hotel,4-10-30 Takanawa Minato Tokyo 108-8612 도쿄 일본,2020-04-11,2020-04-13,4,550000,4,S,0,0,0,
362,Shinagawa Prince Hotel,4-10-30 Takanawa Minato Tokyo 108-8612 도쿄 일본,2020-04-11,2020-04-15,4,550000,4,S,0,0,0,
363,Shinagawa Prince Hotel,4-10-30 Takanawa Minato Tokyo 108-8612 도쿄 일본,2020-04-11,2020-04-17,4,550000,4,S,0,0,0,
364,Shinagawa Prince Hotel,4-10-30 Takanawa Minato Tokyo 108-8612 도쿄 일본,2020-04-11,2020-04-13,4,340000,4,D,0,0,0,
365,Shinagawa Prince Hotel,4-10-30 Takanawa Minato Tokyo 108-8612 도쿄 일본,2020-04-11,2020-04-15,4,340000,4,D,0,0,0,
366,Shinagawa Prince Hotel,4-10-30 Takanawa Minato Tokyo 108-8612 도쿄 일본,2020-04-11,2020-04-17,4,340000,4,D,0,0,0,
367,Shinagawa Prince Hotel,4-10-30 Takanawa Minato Tokyo 108-8612 도쿄 일본,2020-04-11,2020-04-13,4,210000,4,N,0,0,0,
368,Shinagawa Prince Hotel,4-10-30 Takanawa Minato Tokyo 108-8612 도쿄 일본,2020-04-11,2020-04-15,4,210000,4,N,0,0,0,
369,Shinagawa Prince Hotel,4-10-30 Takanawa Minato Tokyo 108-8612 도쿄 일본,2020-04-11,2020-04-17,4,210000,4,N,0,0,0,
370,Shinagawa Prince Hotel,4-10-30 Takanawa Minato Tokyo 108-8612 도쿄 일본,2020-04-12,2020-04-14,4,550000,4,S,0,0,0,
371,Shinagawa Prince Hotel,4-10-30 Takanawa Minato Tokyo 108-8612 도쿄 일본,2020-04-12,2020-04-16,4,550000,4,S,0,0,0,
372,Shinagawa Prince Hotel,4-10-30 Takanawa Minato Tokyo 108-8612 도쿄 일본,2020-04-12,2020-04-18,4,550000,4,S,0,0,0,
373,Shinagawa Prince Hotel,4-10-30 Takanawa Minato Tokyo 108-8612 도쿄 일본,2020-04-12,2020-04-14,4,340000,4,D,0,0,0,
374,Shinagawa Prince Hotel,4-10-30 Takanawa Minato Tokyo 108-8612 도쿄 일본,2020-04-12,2020-04-16,4,340000,4,D,0,0,0,
375,Shinagawa Prince Hotel,4-10-30 Takanawa Minato Tokyo 108-8612 도쿄 일본,2020-04-12,2020-04-18,4,340000,4,D,0,0,0,
376,Shinagawa Prince Hotel,4-10-30 Takanawa Minato Tokyo 108-8612 도쿄 일본,2020-04-12,2020-04-14,4,210000,4,N,0,0,0,
377,Shinagawa Prince Hotel,4-10-30 Takanawa Minato Tokyo 108-8612 도쿄 일본,2020-04-12,2020-04-16,4,210000,4,N,0,0,0,
378,Shinagawa Prince Hotel,4-10-30 Takanawa Minato Tokyo 108-8612 도쿄 일본,2020-04-12,2020-04-18,4,210000,4,N,0,0,0,
379,Shinagawa Prince Hotel,4-10-30 Takanawa Minato Tokyo 108-8612 도쿄 일본,2020-04-13,2020-04-15,4,550000,4,S,0,0,0,
380,Shinagawa Prince Hotel,4-10-30 Takanawa Minato Tokyo 108-8612 도쿄 일본,2020-04-13,2020-04-17,4,550000,4,S,0,0,0,
381,Shinagawa Prince Hotel,4-10-30 Takanawa Minato Tokyo 108-8612 도쿄 일본,2020-04-13,2020-04-19,4,550000,4,S,0,0,0,
382,Shinagawa Prince Hotel,4-10-30 Takanawa Minato Tokyo 108-8612 도쿄 일본,2020-04-13,2020-04-15,4,340000,4,D,0,0,0,
383,Shinagawa Prince Hotel,4-10-30 Takanawa Minato Tokyo 108-8612 도쿄 일본,2020-04-13,2020-04-17,4,340000,4,D,0,0,0,
384,Shinagawa Prince Hotel,4-10-30 Takanawa Minato Tokyo 108-8612 도쿄 일본,2020-04-13,2020-04-19,4,340000,4,D,0,0,0,
385,Shinagawa Prince Hotel,4-10-30 Takanawa Minato Tokyo 108-8612 도쿄 일본,2020-04-13,2020-04-15,4,210000,4,N,0,0,0,
386,Shinagawa Prince Hotel,4-10-30 Takanawa Minato Tokyo 108-8612 도쿄 일본,2020-04-13,2020-04-17,4,210000,4,N,0,0,0,
387,Shinagawa Prince Hotel,4-10-30 Takanawa Minato Tokyo 108-8612 도쿄 일본,2020-04-13,2020-04-19,4,210000,4,N,0,0,0,
388,Shinagawa Prince Hotel,4-10-30 Takanawa Minato Tokyo 108-8612 도쿄 일본,2020-04-14,2020-04-16,4,550000,4,S,0,0,0,
389,Shinagawa Prince Hotel,4-10-30 Takanawa Minato Tokyo 108-8612 도쿄 일본,2020-04-14,2020-04-18,4,550000,4,S,0,0,0,
390,Shinagawa Prince Hotel,4-10-30 Takanawa Minato Tokyo 108-8612 도쿄 일본,2020-04-14,2020-04-20,4,550000,4,S,0,0,0,
391,Shinagawa Prince Hotel,4-10-30 Takanawa Minato Tokyo 108-8612 도쿄 일본,2020-04-14,2020-04-16,4,340000,4,D,0,0,0,
392,Shinagawa Prince Hotel,4-10-30 Takanawa Minato Tokyo 108-8612 도쿄 일본,2020-04-14,2020-04-18,4,340000,4,D,0,0,0,
393,Shinagawa Prince Hotel,4-10-30 Takanawa Minato Tokyo 108-8612 도쿄 일본,2020-04-14,2020-04-20,4,340000,4,D,0,0,0,
394,Shinagawa Prince Hotel,4-10-30 Takanawa Minato Tokyo 108-8612 도쿄 일본,2020-04-14,2020-04-16,4,210000,4,N,0,0,0,
395,Shinagawa Prince Hotel,4-10-30 Takanawa Minato Tokyo 108-8612 도쿄 일본,2020-04-14,2020-04-18,4,210000,4,N,0,0,0,
396,Shinagawa Prince Hotel,4-10-30 Takanawa Minato Tokyo 108-8612 도쿄 일본,2020-04-14,2020-04-20,4,210000,4,N,0,0,0,
397,Shinagawa Prince Hotel,4-10-30 Takanawa Minato Tokyo 108-8612 도쿄 일본,2020-04-15,2020-04-17,4,550000,4,S,0,0,0,
398,Shinagawa Prince Hotel,4-10-30 Takanawa Minato Tokyo 108-8612 도쿄 일본,2020-04-15,2020-04-19,4,550000,4,S,0,0,0,
399,Shinagawa Prince Hotel,4-10-30 Takanawa Minato Tokyo 108-8612 도쿄 일본,2020-04-15,2020-04-21,4,550000,4,S,0,0,0,
400,Shinagawa Prince Hotel,4-10-30 Takanawa Minato Tokyo 108-8612 도쿄 일본,2020-04-15,2020-04-17,4,340000,4,D,0,0,0,
401,Shinagawa Prince Hotel,4-10-30 Takanawa Minato Tokyo 108-8612 도쿄 일본,2020-04-15,2020-04-19,4,340000,4,D,0,0,0,
402,Shinagawa Prince Hotel,4-10-30 Takanawa Minato Tokyo 108-8612 도쿄 일본,2020-04-15,2020-04-21,4,340000,4,D,0,0,0,
403,Shinagawa Prince Hotel,4-10-30 Takanawa Minato Tokyo 108-8612 도쿄 일본,2020-04-15,2020-04-17,4,210000,4,N,0,0,0,
404,Shinagawa Prince Hotel,4-10-30 Takanawa Minato Tokyo 108-8612 도쿄 일본,2020-04-15,2020-04-19,4,210000,4,N,0,0,0,
405,Shinagawa Prince Hotel,4-10-30 Takanawa Minato Tokyo 108-8612 도쿄 일본,2020-04-15,2020-04-21,4,210000,4,N,0,0,0,
406,Shinagawa Prince Hotel,4-10-30 Takanawa Minato Tokyo 108-8612 도쿄 일본,2020-04-16,2020-04-18,4,550000,4,S,0,0,0,
407,Shinagawa Prince Hotel,4-10-30 Takanawa Minato Tokyo 108-8612 도쿄 일본,2020-04-16,2020-04-20,4,550000,4,S,0,0,0,
408,Shinagawa Prince Hotel,4-10-30 Takanawa Minato Tokyo 108-8612 도쿄 일본,2020-04-16,2020-04-22,4,550000,4,S,0,0,0,
409,Shinagawa Prince Hotel,4-10-30 Takanawa Minato Tokyo 108-8612 도쿄 일본,2020-04-16,2020-04-18,4,340000,4,D,0,0,0,
410,Shinagawa Prince Hotel,4-10-30 Takanawa Minato Tokyo 108-8612 도쿄 일본,2020-04-16,2020-04-20,4,340000,4,D,0,0,0,
411,Shinagawa Prince Hotel,4-10-30 Takanawa Minato Tokyo 108-8612 도쿄 일본,2020-04-16,2020-04-22,4,340000,4,D,0,0,0,
412,Shinagawa Prince Hotel,4-10-30 Takanawa Minato Tokyo 108-8612 도쿄 일본,2020-04-16,2020-04-18,4,210000,4,N,0,0,0,
413,Shinagawa Prince Hotel,4-10-30 Takanawa Minato Tokyo 108-8612 도쿄 일본,2020-04-16,2020-04-20,4,210000,4,N,0,0,0,
414,Shinagawa Prince Hotel,4-10-30 Takanawa Minato Tokyo 108-8612 도쿄 일본,2020-04-16,2020-04-22,4,210000,4,N,0,0,0,
415,Shinagawa Prince Hotel,4-10-30 Takanawa Minato Tokyo 108-8612 도쿄 일본,2020-04-17,2020-04-19,4,550000,4,S,0,0,0,
416,Shinagawa Prince Hotel,4-10-30 Takanawa Minato Tokyo 108-8612 도쿄 일본,2020-04-17,2020-04-21,4,550000,4,S,0,0,0,
417,Shinagawa Prince Hotel,4-10-30 Takanawa Minato Tokyo 108-8612 도쿄 일본,2020-04-17,2020-04-23,4,550000,4,S,0,0,0,
418,Shinagawa Prince Hotel,4-10-30 Takanawa Minato Tokyo 108-8612 도쿄 일본,2020-04-17,2020-04-19,4,340000,4,D,0,0,0,
419,Shinagawa Prince Hotel,4-10-30 Takanawa Minato Tokyo 108-8612 도쿄 일본,2020-04-17,2020-04-21,4,340000,4,D,0,0,0,
420,Shinagawa Prince Hotel,4-10-30 Takanawa Minato Tokyo 108-8612 도쿄 일본,2020-04-17,2020-04-23,4,340000,4,D,0,0,0,
421,Shinagawa Prince Hotel,4-10-30 Takanawa Minato Tokyo 108-8612 도쿄 일본,2020-04-17,2020-04-19,4,210000,4,N,0,0,0,
422,Shinagawa Prince Hotel,4-10-30 Takanawa Minato Tokyo 108-8612 도쿄 일본,2020-04-17,2020-04-21,4,210000,4,N,0,0,0,
423,Shinagawa Prince Hotel,4-10-30 Takanawa Minato Tokyo 108-8612 도쿄 일본,2020-04-17,2020-04-23,4,210000,4,N,0,0,0,
424,Shinagawa Prince Hotel,4-10-30 Takanawa Minato Tokyo 108-8612 도쿄 일본,2020-04-18,2020-04-20,4,550000,4,S,0,0,0,
425,Shinagawa Prince Hotel,4-10-30 Takanawa Minato Tokyo 108-8612 도쿄 일본,2020-04-18,2020-04-22,4,550000,4,S,0,0,0,
426,Shinagawa Prince Hotel,4-10-30 Takanawa Minato Tokyo 108-8612 도쿄 일본,2020-04-18,2020-04-24,4,550000,4,S,0,0,0,
427,Shinagawa Prince Hotel,4-10-30 Takanawa Minato Tokyo 108-8612 도쿄 일본,2020-04-18,2020-04-20,4,340000,4,D,0,0,0,
428,Shinagawa Prince Hotel,4-10-30 Takanawa Minato Tokyo 108-8612 도쿄 일본,2020-04-18,2020-04-22,4,340000,4,D,0,0,0,
429,Shinagawa Prince Hotel,4-10-30 Takanawa Minato Tokyo 108-8612 도쿄 일본,2020-04-18,2020-04-24,4,340000,4,D,0,0,0,
430,Shinagawa Prince Hotel,4-10-30 Takanawa Minato Tokyo 108-8612 도쿄 일본,2020-04-18,2020-04-20,4,210000,4,N,0,0,0,
431,Shinagawa Prince Hotel,4-10-30 Takanawa Minato Tokyo 108-8612 도쿄 일본,2020-04-18,2020-04-22,4,210000,4,N,0,0,0,
432,Shinagawa Prince Hotel,4-10-30 Takanawa Minato Tokyo 108-8612 도쿄 일본,2020-04-18,2020-04-24,4,210000,4,N,0,0,0,
433,Shinagawa Prince Hotel,4-10-30 Takanawa Minato Tokyo 108-8612 도쿄 일본,2020-04-19,2020-04-21,4,550000,4,S,0,0,0,
434,Shinagawa Prince Hotel,4-10-30 Takanawa Minato Tokyo 108-8612 도쿄 일본,2020-04-19,2020-04-23,4,550000,4,S,0,0,0,
435,Shinagawa Prince Hotel,4-10-30 Takanawa Minato Tokyo 108-8612 도쿄 일본,2020-04-19,2020-04-25,4,550000,4,S,0,0,0,
436,Shinagawa Prince Hotel,4-10-30 Takanawa Minato Tokyo 108-8612 도쿄 일본,2020-04-19,2020-04-21,4,340000,4,D,0,0,0,
437,Shinagawa Prince Hotel,4-10-30 Takanawa Minato Tokyo 108-8612 도쿄 일본,2020-04-19,2020-04-23,4,340000,4,D,0,0,0,
438,Shinagawa Prince Hotel,4-10-30 Takanawa Minato Tokyo 108-8612 도쿄 일본,2020-04-19,2020-04-25,4,340000,4,D,0,0,0,
439,Shinagawa Prince Hotel,4-10-30 Takanawa Minato Tokyo 108-8612 도쿄 일본,2020-04-19,2020-04-21,4,210000,4,N,0,0,0,
440,Shinagawa Prince Hotel,4-10-30 Takanawa Minato Tokyo 108-8612 도쿄 일본,2020-04-19,2020-04-23,4,210000,4,N,0,0,0,
441,Shinagawa Prince Hotel,4-10-30 Takanawa Minato Tokyo 108-8612 도쿄 일본,2020-04-19,2020-04-25,4,210000,4,N,0,0,0,
442,Shinagawa Prince Hotel,4-10-30 Takanawa Minato Tokyo 108-8612 도쿄 일본,2020-04-20,2020-04-22,4,550000,4,S,0,0,0,
443,Shinagawa Prince Hotel,4-10-30 Takanawa Minato Tokyo 108-8612 도쿄 일본,2020-04-20,2020-04-24,4,550000,4,S,0,0,0,
444,Shinagawa Prince Hotel,4-10-30 Takanawa Minato Tokyo 108-8612 도쿄 일본,2020-04-20,2020-04-26,4,550000,4,S,0,0,0,
445,Shinagawa Prince Hotel,4-10-30 Takanawa Minato Tokyo 108-8612 도쿄 일본,2020-04-20,2020-04-22,4,340000,4,D,0,0,0,
446,Shinagawa Prince Hotel,4-10-30 Takanawa Minato Tokyo 108-8612 도쿄 일본,2020-04-20,2020-04-24,4,340000,4,D,0,0,0,
447,Shinagawa Prince Hotel,4-10-30 Takanawa Minato Tokyo 108-8612 도쿄 일본,2020-04-20,2020-04-26,4,340000,4,D,0,0,0,
448,Shinagawa Prince Hotel,4-10-30 Takanawa Minato Tokyo 108-8612 도쿄 일본,2020-04-20,2020-04-22,4,210000,4,N,0,0,0,
449,Shinagawa Prince Hotel,4-10-30 Takanawa Minato Tokyo 108-8612 도쿄 일본,2020-04-20,2020-04-24,4,210000,4,N,0,0,0,
450,Shinagawa Prince Hotel,4-10-30 Takanawa Minato Tokyo 108-8612 도쿄 일본,2020-04-20,2020-04-26,4,210000,4,N,0,0,0,
451,Shinagawa Prince Hotel,4-10-30 Takanawa Minato Tokyo 108-8612 도쿄 일본,2020-04-21,2020-04-23,4,550000,4,S,0,0,0,
452,Shinagawa Prince Hotel,4-10-30 Takanawa Minato Tokyo 108-8612 도쿄 일본,2020-04-21,2020-04-25,4,550000,4,S,0,0,0,
453,Shinagawa Prince Hotel,4-10-30 Takanawa Minato Tokyo 108-8612 도쿄 일본,2020-04-21,2020-04-27,4,550000,4,S,0,0,0,
454,Shinagawa Prince Hotel,4-10-30 Takanawa Minato Tokyo 108-8612 도쿄 일본,2020-04-21,2020-04-23,4,340000,4,D,0,0,0,
455,Shinagawa Prince Hotel,4-10-30 Takanawa Minato Tokyo 108-8612 도쿄 일본,2020-04-21,2020-04-25,4,340000,4,D,0,0,0,
456,Shinagawa Prince Hotel,4-10-30 Takanawa Minato Tokyo 108-8612 도쿄 일본,2020-04-21,2020-04-27,4,340000,4,D,0,0,0,
457,Shinagawa Prince Hotel,4-10-30 Takanawa Minato Tokyo 108-8612 도쿄 일본,2020-04-21,2020-04-23,4,210000,4,N,0,0,0,
458,Shinagawa Prince Hotel,4-10-30 Takanawa Minato Tokyo 108-8612 도쿄 일본,2020-04-21,2020-04-25,4,210000,4,N,0,0,0,
459,Shinagawa Prince Hotel,4-10-30 Takanawa Minato Tokyo 108-8612 도쿄 일본,2020-04-21,2020-04-27,4,210000,4,N,0,0,0,
460,Shinagawa Prince Hotel,4-10-30 Takanawa Minato Tokyo 108-8612 도쿄 일본,2020-04-22,2020-04-24,4,550000,4,S,0,0,0,
461,Shinagawa Prince Hotel,4-10-30 Takanawa Minato Tokyo 108-8612 도쿄 일본,2020-04-22,2020-04-26,4,550000,4,S,0,0,0,
462,Shinagawa Prince Hotel,4-10-30 Takanawa Minato Tokyo 108-8612 도쿄 일본,2020-04-22,2020-04-28,4,550000,4,S,0,0,0,
463,Shinagawa Prince Hotel,4-10-30 Takanawa Minato Tokyo 108-8612 도쿄 일본,2020-04-22,2020-04-24,4,340000,4,D,0,0,0,
464,Shinagawa Prince Hotel,4-10-30 Takanawa Minato Tokyo 108-8612 도쿄 일본,2020-04-22,2020-04-26,4,340000,4,D,0,0,0,
465,Shinagawa Prince Hotel,4-10-30 Takanawa Minato Tokyo 108-8612 도쿄 일본,2020-04-22,2020-04-28,4,340000,4,D,0,0,0,
466,Shinagawa Prince Hotel,4-10-30 Takanawa Minato Tokyo 108-8612 도쿄 일본,2020-04-22,2020-04-24,4,210000,4,N,0,0,0,
467,Shinagawa Prince Hotel,4-10-30 Takanawa Minato Tokyo 108-8612 도쿄 일본,2020-04-22,2020-04-26,4,210000,4,N,0,0,0,
468,Shinagawa Prince Hotel,4-10-30 Takanawa Minato Tokyo 108-8612 도쿄 일본,2020-04-22,2020-04-28,4,210000,4,N,0,0,0,
469,Shinagawa Prince Hotel,4-10-30 Takanawa Minato Tokyo 108-8612 도쿄 일본,2020-04-23,2020-04-25,4,550000,4,S,0,0,0,
470,Shinagawa Prince Hotel,4-10-30 Takanawa Minato Tokyo 108-8612 도쿄 일본,2020-04-23,2020-04-27,4,550000,4,S,0,0,0,
471,Shinagawa Prince Hotel,4-10-30 Takanawa Minato Tokyo 108-8612 도쿄 일본,2020-04-23,2020-04-29,4,550000,4,S,0,0,0,
472,Shinagawa Prince Hotel,4-10-30 Takanawa Minato Tokyo 108-8612 도쿄 일본,2020-04-23,2020-04-25,4,340000,4,D,0,0,0,
473,Shinagawa Prince Hotel,4-10-30 Takanawa Minato Tokyo 108-8612 도쿄 일본,2020-04-23,2020-04-27,4,340000,4,D,0,0,0,
474,Shinagawa Prince Hotel,4-10-30 Takanawa Minato Tokyo 108-8612 도쿄 일본,2020-04-23,2020-04-29,4,340000,4,D,0,0,0,
475,Shinagawa Prince Hotel,4-10-30 Takanawa Minato Tokyo 108-8612 도쿄 일본,2020-04-23,2020-04-25,4,210000,4,N,0,0,0,
476,Shinagawa Prince Hotel,4-10-30 Takanawa Minato Tokyo 108-8612 도쿄 일본,2020-04-23,2020-04-27,4,210000,4,N,0,0,0,
477,Shinagawa Prince Hotel,4-10-30 Takanawa Minato Tokyo 108-8612 도쿄 일본,2020-04-23,2020-04-29,4,210000,4,N,0,0,0,
478,Shinagawa Prince Hotel,4-10-30 Takanawa Minato Tokyo 108-8612 도쿄 일본,2020-04-24,2020-04-26,4,550000,4,S,0,0,0,
479,Shinagawa Prince Hotel,4-10-30 Takanawa Minato Tokyo 108-8612 도쿄 일본,2020-04-24,2020-04-28,4,550000,4,S,0,0,0,
480,Shinagawa Prince Hotel,4-10-30 Takanawa Minato Tokyo 108-8612 도쿄 일본,2020-04-24,2020-04-30,4,550000,4,S,0,0,0,
481,Shinagawa Prince Hotel,4-10-30 Takanawa Minato Tokyo 108-8612 도쿄 일본,2020-04-24,2020-04-26,4,340000,4,D,0,0,0,
482,Shinagawa Prince Hotel,4-10-30 Takanawa Minato Tokyo 108-8612 도쿄 일본,2020-04-24,2020-04-28,4,340000,4,D,0,0,0,
483,Shinagawa Prince Hotel,4-10-30 Takanawa Minato Tokyo 108-8612 도쿄 일본,2020-04-24,2020-04-30,4,340000,4,D,0,0,0,
484,Shinagawa Prince Hotel,4-10-30 Takanawa Minato Tokyo 108-8612 도쿄 일본,2020-04-24,2020-04-26,4,210000,4,N,0,0,0,
485,Shinagawa Prince Hotel,4-10-30 Takanawa Minato Tokyo 108-8612 도쿄 일본,2020-04-24,2020-04-28,4,210000,4,N,0,0,0,
486,Shinagawa Prince Hotel,4-10-30 Takanawa Minato Tokyo 108-8612 도쿄 일본,2020-04-24,2020-04-30,4,210000,4,N,0,0,0,
487,Shinagawa Prince Hotel,4-10-30 Takanawa Minato Tokyo 108-8612 도쿄 일본,2020-04-25,2020-04-27,4,550000,4,S,0,0,0,
488,Shinagawa Prince Hotel,4-10-30 Takanawa Minato Tokyo 108-8612 도쿄 일본,2020-04-25,2020-04-29,4,550000,4,S,0,0,0,
489,Shinagawa Prince Hotel,4-10-30 Takanawa Minato Tokyo 108-8612 도쿄 일본,2020-04-25,2020-05-01,4,550000,4,S,0,0,0,
490,Shinagawa Prince Hotel,4-10-30 Takanawa Minato Tokyo 108-8612 도쿄 일본,2020-04-25,2020-04-27,4,340000,4,D,0,0,0,
491,Shinagawa Prince Hotel,4-10-30 Takanawa Minato Tokyo 108-8612 도쿄 일본,2020-04-25,2020-04-29,4,340000,4,D,0,0,0,
492,Shinagawa Prince Hotel,4-10-30 Takanawa Minato Tokyo 108-8612 도쿄 일본,2020-04-25,2020-05-01,4,340000,4,D,0,0,0,
493,Shinagawa Prince Hotel,4-10-30 Takanawa Minato Tokyo 108-8612 도쿄 일본,2020-04-25,2020-04-27,4,210000,4,N,0,0,0,
494,Shinagawa Prince Hotel,4-10-30 Takanawa Minato Tokyo 108-8612 도쿄 일본,2020-04-25,2020-04-29,4,210000,4,N,0,0,0,
495,Shinagawa Prince Hotel,4-10-30 Takanawa Minato Tokyo 108-8612 도쿄 일본,2020-04-25,2020-05-01,4,210000,4,N,0,0,0,
496,Shinagawa Prince Hotel,4-10-30 Takanawa Minato Tokyo 108-8612 도쿄 일본,2020-04-26,2020-04-28,4,550000,4,S,0,0,0,
497,Shinagawa Prince Hotel,4-10-30 Takanawa Minato Tokyo 108-8612 도쿄 일본,2020-04-26,2020-04-30,4,550000,4,S,0,0,0,
498,Shinagawa Prince Hotel,4-10-30 Takanawa Minato Tokyo 108-8612 도쿄 일본,2020-04-26,2020-05-02,4,550000,4,S,0,0,0,
499,Shinagawa Prince Hotel,4-10-30 Takanawa Minato Tokyo 108-8612 도쿄 일본,2020-04-26,2020-04-28,4,340000,4,D,0,0,0,
500,Shinagawa Prince Hotel,4-10-30 Takanawa Minato Tokyo 108-8612 도쿄 일본,2020-04-26,2020-04-30,4,340000,4,D,0,0,0,
501,Shinagawa Prince Hotel,4-10-30 Takanawa Minato Tokyo 108-8612 도쿄 일본,2020-04-26,2020-05-02,4,340000,4,D,0,0,0,
502,Shinagawa Prince Hotel,4-10-30 Takanawa Minato Tokyo 108-8612 도쿄 일본,2020-04-26,2020-04-28,4,210000,4,N,0,0,0,
503,Shinagawa Prince Hotel,4-10-30 Takanawa Minato Tokyo 108-8612 도쿄 일본,2020-04-26,2020-04-30,4,210000,4,N,0,0,0,
504,Shinagawa Prince Hotel,4-10-30 Takanawa Minato Tokyo 108-8612 도쿄 일본,2020-04-26,2020-05-02,4,210000,4,N,0,0,0,
505,Shinagawa Prince Hotel,4-10-30 Takanawa Minato Tokyo 108-8612 도쿄 일본,2020-04-27,2020-04-29,4,550000,4,S,0,0,0,
506,Shinagawa Prince Hotel,4-10-30 Takanawa Minato Tokyo 108-8612 도쿄 일본,2020-04-27,2020-05-01,4,550000,4,S,0,0,0,
507,Shinagawa Prince Hotel,4-10-30 Takanawa Minato Tokyo 108-8612 도쿄 일본,2020-04-27,2020-05-03,4,550000,4,S,0,0,0,
508,Shinagawa Prince Hotel,4-10-30 Takanawa Minato Tokyo 108-8612 도쿄 일본,2020-04-27,2020-04-29,4,340000,4,D,0,0,0,
509,Shinagawa Prince Hotel,4-10-30 Takanawa Minato Tokyo 108-8612 도쿄 일본,2020-04-27,2020-05-01,4,340000,4,D,0,0,0,
510,Shinagawa Prince Hotel,4-10-30 Takanawa Minato Tokyo 108-8612 도쿄 일본,2020-04-27,2020-05-03,4,340000,4,D,0,0,0,
511,Shinagawa Prince Hotel,4-10-30 Takanawa Minato Tokyo 108-8612 도쿄 일본,2020-04-27,2020-04-29,4,210000,4,N,0,0,0,
512,Shinagawa Prince Hotel,4-10-30 Takanawa Minato Tokyo 108-8612 도쿄 일본,2020-04-27,2020-05-01,4,210000,4,N,0,0,0,
513,Shinagawa Prince Hotel,4-10-30 Takanawa Minato Tokyo 108-8612 도쿄 일본,2020-04-27,2020-05-03,4,210000,4,N,0,0,0,
514,Shinagawa Prince Hotel,4-10-30 Takanawa Minato Tokyo 108-8612 도쿄 일본,2020-04-28,2020-04-30,4,550000,4,S,0,0,0,
515,Shinagawa Prince Hotel,4-10-30 Takanawa Minato Tokyo 108-8612 도쿄 일본,2020-04-28,2020-05-02,4,550000,4,S,0,0,0,
516,Shinagawa Prince Hotel,4-10-30 Takanawa Minato Tokyo 108-8612 도쿄 일본,2020-04-28,2020-05-04,4,550000,4,S,0,0,0,
517,Shinagawa Prince Hotel,4-10-30 Takanawa Minato Tokyo 108-8612 도쿄 일본,2020-04-28,2020-04-30,4,340000,4,D,0,0,0,
518,Shinagawa Prince Hotel,4-10-30 Takanawa Minato Tokyo 108-8612 도쿄 일본,2020-04-28,2020-05-02,4,340000,4,D,0,0,0,
519,Shinagawa Prince Hotel,4-10-30 Takanawa Minato Tokyo 108-8612 도쿄 일본,2020-04-28,2020-05-04,4,340000,4,D,0,0,0,
520,Shinagawa Prince Hotel,4-10-30 Takanawa Minato Tokyo 108-8612 도쿄 일본,2020-04-28,2020-04-30,4,210000,4,N,0,0,0,
521,Shinagawa Prince Hotel,4-10-30 Takanawa Minato Tokyo 108-8612 도쿄 일본,2020-04-28,2020-05-02,4,210000,4,N,0,0,0,
522,Shinagawa Prince Hotel,4-10-30 Takanawa Minato Tokyo 108-8612 도쿄 일본,2020-04-28,2020-05-04,4,210000,4,N,0,0,0,
523,Shinagawa Prince Hotel,4-10-30 Takanawa Minato Tokyo 108-8612 도쿄 일본,2020-04-29,2020-05-01,4,550000,4,S,0,0,0,
524,Shinagawa Prince Hotel,4-10-30 Takanawa Minato Tokyo 108-8612 도쿄 일본,2020-04-29,2020-05-03,4,550000,4,S,0,0,0,
525,Shinagawa Prince Hotel,4-10-30 Takanawa Minato Tokyo 108-8612 도쿄 일본,2020-04-29,2020-05-05,4,550000,4,S,0,0,0,
526,Shinagawa Prince Hotel,4-10-30 Takanawa Minato Tokyo 108-8612 도쿄 일본,2020-04-29,2020-05-01,4,340000,4,D,0,0,0,
527,Shinagawa Prince Hotel,4-10-30 Takanawa Minato Tokyo 108-8612 도쿄 일본,2020-04-29,2020-05-03,4,340000,4,D,0,0,0,
528,Shinagawa Prince Hotel,4-10-30 Takanawa Minato Tokyo 108-8612 도쿄 일본,2020-04-29,2020-05-05,4,340000,4,D,0,0,0,
529,Shinagawa Prince Hotel,4-10-30 Takanawa Minato Tokyo 108-8612 도쿄 일본,2020-04-29,2020-05-01,4,210000,4,N,0,0,0,
530,Shinagawa Prince Hotel,4-10-30 Takanawa Minato Tokyo 108-8612 도쿄 일본,2020-04-29,2020-05-03,4,210000,4,N,0,0,0,
531,Shinagawa Prince Hotel,4-10-30 Takanawa Minato Tokyo 108-8612 도쿄 일본,2020-04-29,2020-05-05,4,210000,4,N,0,0,0,
532,Shinagawa Prince Hotel,4-10-30 Takanawa Minato Tokyo 108-8612 도쿄 일본,2020-04-30,2020-05-02,4,550000,4,S,0,0,0,
533,Shinagawa Prince Hotel,4-10-30 Takanawa Minato Tokyo 108-8612 도쿄 일본,2020-04-30,2020-05-04,4,550000,4,S,0,0,0,
534,Shinagawa Prince Hotel,4-10-30 Takanawa Minato Tokyo 108-8612 도쿄 일본,2020-04-30,2020-05-06,4,550000,4,S,0,0,0,
535,Shinagawa Prince Hotel,4-10-30 Takanawa Minato Tokyo 108-8612 도쿄 일본,2020-04-30,2020-05-02,4,340000,4,D,0,0,0,
536,Shinagawa Prince Hotel,4-10-30 Takanawa Minato Tokyo 108-8612 도쿄 일본,2020-04-30,2020-05-04,4,340000,4,D,0,0,0,
537,Shinagawa Prince Hotel,4-10-30 Takanawa Minato Tokyo 108-8612 도쿄 일본,2020-04-30,2020-05-06,4,340000,4,D,0,0,0,
538,Shinagawa Prince Hotel,4-10-30 Takanawa Minato Tokyo 108-8612 도쿄 일본,2020-04-30,2020-05-02,4,210000,4,N,0,0,0,
539,Shinagawa Prince Hotel,4-10-30 Takanawa Minato Tokyo 108-8612 도쿄 일본,2020-04-30,2020-05-04,4,210000,4,N,0,0,0,
540,Shinagawa Prince Hotel,4-10-30 Takanawa Minato Tokyo 108-8612 도쿄 일본,2020-04-30,2020-05-06,4,210000,4,N,0,0,0,
541,Happy Dragon City Culture Hotel,Shijia Hutong Chaoyangmen Nan Xiao Jie Dongcheng District 베이징 중국,2020-04-01,2020-04-03,4,580000,5,S,0,0,0,
542,Happy Dragon City Culture Hotel,Shijia Hutong Chaoyangmen Nan Xiao Jie Dongcheng District 베이징 중국,2020-04-01,2020-04-05,4,580000,9,S,0,0,0,
543,Happy Dragon City Culture Hotel,Shijia Hutong Chaoyangmen Nan Xiao Jie Dongcheng District 베이징 중국,2020-04-01,2020-04-07,4,580000,10,S,0,0,0,
544,Happy Dragon City Culture Hotel,Shijia Hutong Chaoyangmen Nan Xiao Jie Dongcheng District 베이징 중국,2020-04-01,2020-04-03,4,410000,5,D,0,0,0,
545,Happy Dragon City Culture Hotel,Shijia Hutong Chaoyangmen Nan Xiao Jie Dongcheng District 베이징 중국,2020-04-01,2020-04-05,4,410000,9,D,0,0,0,
546,Happy Dragon City Culture Hotel,Shijia Hutong Chaoyangmen Nan Xiao Jie Dongcheng District 베이징 중국,2020-04-01,2020-04-07,4,410000,10,D,0,0,0,
547,Happy Dragon City Culture Hotel,Shijia Hutong Chaoyangmen Nan Xiao Jie Dongcheng District 베이징 중국,2020-04-01,2020-04-03,4,280000,5,N,0,0,0,
548,Happy Dragon City Culture Hotel,Shijia Hutong Chaoyangmen Nan Xiao Jie Dongcheng District 베이징 중국,2020-04-01,2020-04-05,4,280000,9,N,0,0,0,
549,Happy Dragon City Culture Hotel,Shijia Hutong Chaoyangmen Nan Xiao Jie Dongcheng District 베이징 중국,2020-04-01,2020-04-07,4,280000,10,N,0,0,0,
550,Happy Dragon City Culture Hotel,Shijia Hutong Chaoyangmen Nan Xiao Jie Dongcheng District 베이징 중국,2020-04-02,2020-04-04,4,580000,5,S,0,0,0,
551,Happy Dragon City Culture Hotel,Shijia Hutong Chaoyangmen Nan Xiao Jie Dongcheng District 베이징 중국,2020-04-02,2020-04-06,4,580000,9,S,0,0,0,
552,Happy Dragon City Culture Hotel,Shijia Hutong Chaoyangmen Nan Xiao Jie Dongcheng District 베이징 중국,2020-04-02,2020-04-08,4,580000,10,S,0,0,0,
553,Happy Dragon City Culture Hotel,Shijia Hutong Chaoyangmen Nan Xiao Jie Dongcheng District 베이징 중국,2020-04-02,2020-04-04,4,410000,5,D,0,0,0,
554,Happy Dragon City Culture Hotel,Shijia Hutong Chaoyangmen Nan Xiao Jie Dongcheng District 베이징 중국,2020-04-02,2020-04-06,4,410000,9,D,0,0,0,
555,Happy Dragon City Culture Hotel,Shijia Hutong Chaoyangmen Nan Xiao Jie Dongcheng District 베이징 중국,2020-04-02,2020-04-08,4,410000,10,D,0,0,0,
556,Happy Dragon City Culture Hotel,Shijia Hutong Chaoyangmen Nan Xiao Jie Dongcheng District 베이징 중국,2020-04-02,2020-04-04,4,280000,5,N,0,0,0,
557,Happy Dragon City Culture Hotel,Shijia Hutong Chaoyangmen Nan Xiao Jie Dongcheng District 베이징 중국,2020-04-02,2020-04-06,4,280000,9,N,0,0,0,
558,Happy Dragon City Culture Hotel,Shijia Hutong Chaoyangmen Nan Xiao Jie Dongcheng District 베이징 중국,2020-04-02,2020-04-08,4,280000,10,N,0,0,0,
559,Happy Dragon City Culture Hotel,Shijia Hutong Chaoyangmen Nan Xiao Jie Dongcheng District 베이징 중국,2020-04-03,2020-04-05,4,580000,5,S,0,0,0,
560,Happy Dragon City Culture Hotel,Shijia Hutong Chaoyangmen Nan Xiao Jie Dongcheng District 베이징 중국,2020-04-03,2020-04-07,4,580000,9,S,0,0,0,
561,Happy Dragon City Culture Hotel,Shijia Hutong Chaoyangmen Nan Xiao Jie Dongcheng District 베이징 중국,2020-04-03,2020-04-09,4,580000,10,S,0,0,0,
562,Happy Dragon City Culture Hotel,Shijia Hutong Chaoyangmen Nan Xiao Jie Dongcheng District 베이징 중국,2020-04-03,2020-04-05,4,410000,5,D,0,0,0,
563,Happy Dragon City Culture Hotel,Shijia Hutong Chaoyangmen Nan Xiao Jie Dongcheng District 베이징 중국,2020-04-03,2020-04-07,4,410000,9,D,0,0,0,
564,Happy Dragon City Culture Hotel,Shijia Hutong Chaoyangmen Nan Xiao Jie Dongcheng District 베이징 중국,2020-04-03,2020-04-09,4,410000,10,D,0,0,0,
565,Happy Dragon City Culture Hotel,Shijia Hutong Chaoyangmen Nan Xiao Jie Dongcheng District 베이징 중국,2020-04-03,2020-04-05,4,280000,5,N,0,0,0,
566,Happy Dragon City Culture Hotel,Shijia Hutong Chaoyangmen Nan Xiao Jie Dongcheng District 베이징 중국,2020-04-03,2020-04-07,4,280000,9,N,0,0,0,
567,Happy Dragon City Culture Hotel,Shijia Hutong Chaoyangmen Nan Xiao Jie Dongcheng District 베이징 중국,2020-04-03,2020-04-09,4,280000,10,N,0,0,0,
568,Happy Dragon City Culture Hotel,Shijia Hutong Chaoyangmen Nan Xiao Jie Dongcheng District 베이징 중국,2020-04-04,2020-04-06,4,580000,5,S,0,0,0,
569,Happy Dragon City Culture Hotel,Shijia Hutong Chaoyangmen Nan Xiao Jie Dongcheng District 베이징 중국,2020-04-04,2020-04-08,4,580000,9,S,0,0,0,
570,Happy Dragon City Culture Hotel,Shijia Hutong Chaoyangmen Nan Xiao Jie Dongcheng District 베이징 중국,2020-04-04,2020-04-10,4,580000,10,S,0,0,0,
571,Happy Dragon City Culture Hotel,Shijia Hutong Chaoyangmen Nan Xiao Jie Dongcheng District 베이징 중국,2020-04-04,2020-04-06,4,410000,5,D,0,0,0,
572,Happy Dragon City Culture Hotel,Shijia Hutong Chaoyangmen Nan Xiao Jie Dongcheng District 베이징 중국,2020-04-04,2020-04-08,4,410000,9,D,0,0,0,
573,Happy Dragon City Culture Hotel,Shijia Hutong Chaoyangmen Nan Xiao Jie Dongcheng District 베이징 중국,2020-04-04,2020-04-10,4,410000,10,D,0,0,0,
574,Happy Dragon City Culture Hotel,Shijia Hutong Chaoyangmen Nan Xiao Jie Dongcheng District 베이징 중국,2020-04-04,2020-04-06,4,280000,5,N,0,0,0,
575,Happy Dragon City Culture Hotel,Shijia Hutong Chaoyangmen Nan Xiao Jie Dongcheng District 베이징 중국,2020-04-04,2020-04-08,4,280000,9,N,0,0,0,
576,Happy Dragon City Culture Hotel,Shijia Hutong Chaoyangmen Nan Xiao Jie Dongcheng District 베이징 중국,2020-04-04,2020-04-10,4,280000,10,N,0,0,0,
577,Happy Dragon City Culture Hotel,Shijia Hutong Chaoyangmen Nan Xiao Jie Dongcheng District 베이징 중국,2020-04-05,2020-04-07,4,580000,5,S,0,0,0,
578,Happy Dragon City Culture Hotel,Shijia Hutong Chaoyangmen Nan Xiao Jie Dongcheng District 베이징 중국,2020-04-05,2020-04-09,4,580000,9,S,0,0,0,
579,Happy Dragon City Culture Hotel,Shijia Hutong Chaoyangmen Nan Xiao Jie Dongcheng District 베이징 중국,2020-04-05,2020-04-11,4,580000,10,S,0,0,0,
580,Happy Dragon City Culture Hotel,Shijia Hutong Chaoyangmen Nan Xiao Jie Dongcheng District 베이징 중국,2020-04-05,2020-04-07,4,410000,5,D,0,0,0,
581,Happy Dragon City Culture Hotel,Shijia Hutong Chaoyangmen Nan Xiao Jie Dongcheng District 베이징 중국,2020-04-05,2020-04-09,4,410000,9,D,0,0,0,
582,Happy Dragon City Culture Hotel,Shijia Hutong Chaoyangmen Nan Xiao Jie Dongcheng District 베이징 중국,2020-04-05,2020-04-11,4,410000,10,D,0,0,0,
583,Happy Dragon City Culture Hotel,Shijia Hutong Chaoyangmen Nan Xiao Jie Dongcheng District 베이징 중국,2020-04-05,2020-04-07,4,280000,5,N,0,0,0,
584,Happy Dragon City Culture Hotel,Shijia Hutong Chaoyangmen Nan Xiao Jie Dongcheng District 베이징 중국,2020-04-05,2020-04-09,4,280000,9,N,0,0,0,
585,Happy Dragon City Culture Hotel,Shijia Hutong Chaoyangmen Nan Xiao Jie Dongcheng District 베이징 중국,2020-04-05,2020-04-11,4,280000,10,N,0,0,0,
586,Happy Dragon City Culture Hotel,Shijia Hutong Chaoyangmen Nan Xiao Jie Dongcheng District 베이징 중국,2020-04-06,2020-04-08,4,580000,5,S,0,0,0,
587,Happy Dragon City Culture Hotel,Shijia Hutong Chaoyangmen Nan Xiao Jie Dongcheng District 베이징 중국,2020-04-06,2020-04-10,4,580000,9,S,0,0,0,
588,Happy Dragon City Culture Hotel,Shijia Hutong Chaoyangmen Nan Xiao Jie Dongcheng District 베이징 중국,2020-04-06,2020-04-12,4,580000,10,S,0,0,0,
589,Happy Dragon City Culture Hotel,Shijia Hutong Chaoyangmen Nan Xiao Jie Dongcheng District 베이징 중국,2020-04-06,2020-04-08,4,410000,5,D,0,0,0,
590,Happy Dragon City Culture Hotel,Shijia Hutong Chaoyangmen Nan Xiao Jie Dongcheng District 베이징 중국,2020-04-06,2020-04-10,4,410000,9,D,0,0,0,
591,Happy Dragon City Culture Hotel,Shijia Hutong Chaoyangmen Nan Xiao Jie Dongcheng District 베이징 중국,2020-04-06,2020-04-12,4,410000,10,D,0,0,0,
592,Happy Dragon City Culture Hotel,Shijia Hutong Chaoyangmen Nan Xiao Jie Dongcheng District 베이징 중국,2020-04-06,2020-04-08,4,280000,5,N,0,0,0,
593,Happy Dragon City Culture Hotel,Shijia Hutong Chaoyangmen Nan Xiao Jie Dongcheng District 베이징 중국,2020-04-06,2020-04-10,4,280000,9,N,0,0,0,
594,Happy Dragon City Culture Hotel,Shijia Hutong Chaoyangmen Nan Xiao Jie Dongcheng District 베이징 중국,2020-04-06,2020-04-12,4,280000,10,N,0,0,0,
595,Happy Dragon City Culture Hotel,Shijia Hutong Chaoyangmen Nan Xiao Jie Dongcheng District 베이징 중국,2020-04-07,2020-04-09,4,580000,5,S,0,0,0,
596,Happy Dragon City Culture Hotel,Shijia Hutong Chaoyangmen Nan Xiao Jie Dongcheng District 베이징 중국,2020-04-07,2020-04-11,4,580000,9,S,0,0,0,
597,Happy Dragon City Culture Hotel,Shijia Hutong Chaoyangmen Nan Xiao Jie Dongcheng District 베이징 중국,2020-04-07,2020-04-13,4,580000,10,S,0,0,0,
598,Happy Dragon City Culture Hotel,Shijia Hutong Chaoyangmen Nan Xiao Jie Dongcheng District 베이징 중국,2020-04-07,2020-04-09,4,410000,5,D,0,0,0,
599,Happy Dragon City Culture Hotel,Shijia Hutong Chaoyangmen Nan Xiao Jie Dongcheng District 베이징 중국,2020-04-07,2020-04-11,4,410000,9,D,0,0,0,
600,Happy Dragon City Culture Hotel,Shijia Hutong Chaoyangmen Nan Xiao Jie Dongcheng District 베이징 중국,2020-04-07,2020-04-13,4,410000,10,D,0,0,0,
601,Happy Dragon City Culture Hotel,Shijia Hutong Chaoyangmen Nan Xiao Jie Dongcheng District 베이징 중국,2020-04-07,2020-04-09,4,280000,5,N,0,0,0,
602,Happy Dragon City Culture Hotel,Shijia Hutong Chaoyangmen Nan Xiao Jie Dongcheng District 베이징 중국,2020-04-07,2020-04-11,4,280000,9,N,0,0,0,
603,Happy Dragon City Culture Hotel,Shijia Hutong Chaoyangmen Nan Xiao Jie Dongcheng District 베이징 중국,2020-04-07,2020-04-13,4,280000,10,N,0,0,0,
604,Happy Dragon City Culture Hotel,Shijia Hutong Chaoyangmen Nan Xiao Jie Dongcheng District 베이징 중국,2020-04-08,2020-04-10,4,580000,5,S,0,0,0,
605,Happy Dragon City Culture Hotel,Shijia Hutong Chaoyangmen Nan Xiao Jie Dongcheng District 베이징 중국,2020-04-08,2020-04-12,4,580000,9,S,0,0,0,
606,Happy Dragon City Culture Hotel,Shijia Hutong Chaoyangmen Nan Xiao Jie Dongcheng District 베이징 중국,2020-04-08,2020-04-14,4,580000,10,S,0,0,0,
607,Happy Dragon City Culture Hotel,Shijia Hutong Chaoyangmen Nan Xiao Jie Dongcheng District 베이징 중국,2020-04-08,2020-04-10,4,410000,5,D,0,0,0,
608,Happy Dragon City Culture Hotel,Shijia Hutong Chaoyangmen Nan Xiao Jie Dongcheng District 베이징 중국,2020-04-08,2020-04-12,4,410000,9,D,0,0,0,
609,Happy Dragon City Culture Hotel,Shijia Hutong Chaoyangmen Nan Xiao Jie Dongcheng District 베이징 중국,2020-04-08,2020-04-14,4,410000,10,D,0,0,0,
610,Happy Dragon City Culture Hotel,Shijia Hutong Chaoyangmen Nan Xiao Jie Dongcheng District 베이징 중국,2020-04-08,2020-04-10,4,280000,5,N,0,0,0,
611,Happy Dragon City Culture Hotel,Shijia Hutong Chaoyangmen Nan Xiao Jie Dongcheng District 베이징 중국,2020-04-08,2020-04-12,4,280000,9,N,0,0,0,
612,Happy Dragon City Culture Hotel,Shijia Hutong Chaoyangmen Nan Xiao Jie Dongcheng District 베이징 중국,2020-04-08,2020-04-14,4,280000,10,N,0,0,0,
613,Happy Dragon City Culture Hotel,Shijia Hutong Chaoyangmen Nan Xiao Jie Dongcheng District 베이징 중국,2020-04-09,2020-04-11,4,580000,5,S,0,0,0,
614,Happy Dragon City Culture Hotel,Shijia Hutong Chaoyangmen Nan Xiao Jie Dongcheng District 베이징 중국,2020-04-09,2020-04-13,4,580000,9,S,0,0,0,
615,Happy Dragon City Culture Hotel,Shijia Hutong Chaoyangmen Nan Xiao Jie Dongcheng District 베이징 중국,2020-04-09,2020-04-15,4,580000,10,S,0,0,0,
616,Happy Dragon City Culture Hotel,Shijia Hutong Chaoyangmen Nan Xiao Jie Dongcheng District 베이징 중국,2020-04-09,2020-04-11,4,410000,5,D,0,0,0,
617,Happy Dragon City Culture Hotel,Shijia Hutong Chaoyangmen Nan Xiao Jie Dongcheng District 베이징 중국,2020-04-09,2020-04-13,4,410000,9,D,0,0,0,
618,Happy Dragon City Culture Hotel,Shijia Hutong Chaoyangmen Nan Xiao Jie Dongcheng District 베이징 중국,2020-04-09,2020-04-15,4,410000,10,D,0,0,0,
619,Happy Dragon City Culture Hotel,Shijia Hutong Chaoyangmen Nan Xiao Jie Dongcheng District 베이징 중국,2020-04-09,2020-04-11,4,280000,5,N,0,0,0,
620,Happy Dragon City Culture Hotel,Shijia Hutong Chaoyangmen Nan Xiao Jie Dongcheng District 베이징 중국,2020-04-09,2020-04-13,4,280000,9,N,0,0,0,
621,Happy Dragon City Culture Hotel,Shijia Hutong Chaoyangmen Nan Xiao Jie Dongcheng District 베이징 중국,2020-04-09,2020-04-15,4,280000,10,N,0,0,0,
622,Happy Dragon City Culture Hotel,Shijia Hutong Chaoyangmen Nan Xiao Jie Dongcheng District 베이징 중국,2020-04-10,2020-04-12,4,580000,5,S,0,0,0,
623,Happy Dragon City Culture Hotel,Shijia Hutong Chaoyangmen Nan Xiao Jie Dongcheng District 베이징 중국,2020-04-10,2020-04-14,4,580000,9,S,0,0,0,
624,Happy Dragon City Culture Hotel,Shijia Hutong Chaoyangmen Nan Xiao Jie Dongcheng District 베이징 중국,2020-04-10,2020-04-16,4,580000,10,S,0,0,0,
625,Happy Dragon City Culture Hotel,Shijia Hutong Chaoyangmen Nan Xiao Jie Dongcheng District 베이징 중국,2020-04-10,2020-04-12,4,410000,5,D,0,0,0,
626,Happy Dragon City Culture Hotel,Shijia Hutong Chaoyangmen Nan Xiao Jie Dongcheng District 베이징 중국,2020-04-10,2020-04-14,4,410000,9,D,0,0,0,
627,Happy Dragon City Culture Hotel,Shijia Hutong Chaoyangmen Nan Xiao Jie Dongcheng District 베이징 중국,2020-04-10,2020-04-16,4,410000,10,D,0,0,0,
628,Happy Dragon City Culture Hotel,Shijia Hutong Chaoyangmen Nan Xiao Jie Dongcheng District 베이징 중국,2020-04-10,2020-04-12,4,280000,5,N,0,0,0,
629,Happy Dragon City Culture Hotel,Shijia Hutong Chaoyangmen Nan Xiao Jie Dongcheng District 베이징 중국,2020-04-10,2020-04-14,4,280000,9,N,0,0,0,
630,Happy Dragon City Culture Hotel,Shijia Hutong Chaoyangmen Nan Xiao Jie Dongcheng District 베이징 중국,2020-04-10,2020-04-16,4,280000,10,N,0,0,0,
631,Happy Dragon City Culture Hotel,Shijia Hutong Chaoyangmen Nan Xiao Jie Dongcheng District 베이징 중국,2020-04-11,2020-04-13,4,580000,5,S,0,0,0,
632,Happy Dragon City Culture Hotel,Shijia Hutong Chaoyangmen Nan Xiao Jie Dongcheng District 베이징 중국,2020-04-11,2020-04-15,4,580000,9,S,0,0,0,
633,Happy Dragon City Culture Hotel,Shijia Hutong Chaoyangmen Nan Xiao Jie Dongcheng District 베이징 중국,2020-04-11,2020-04-17,4,580000,10,S,0,0,0,
634,Happy Dragon City Culture Hotel,Shijia Hutong Chaoyangmen Nan Xiao Jie Dongcheng District 베이징 중국,2020-04-11,2020-04-13,4,410000,5,D,0,0,0,
635,Happy Dragon City Culture Hotel,Shijia Hutong Chaoyangmen Nan Xiao Jie Dongcheng District 베이징 중국,2020-04-11,2020-04-15,4,410000,9,D,0,0,0,
636,Happy Dragon City Culture Hotel,Shijia Hutong Chaoyangmen Nan Xiao Jie Dongcheng District 베이징 중국,2020-04-11,2020-04-17,4,410000,10,D,0,0,0,
637,Happy Dragon City Culture Hotel,Shijia Hutong Chaoyangmen Nan Xiao Jie Dongcheng District 베이징 중국,2020-04-11,2020-04-13,4,280000,5,N,0,0,0,
638,Happy Dragon City Culture Hotel,Shijia Hutong Chaoyangmen Nan Xiao Jie Dongcheng District 베이징 중국,2020-04-11,2020-04-15,4,280000,9,N,0,0,0,
639,Happy Dragon City Culture Hotel,Shijia Hutong Chaoyangmen Nan Xiao Jie Dongcheng District 베이징 중국,2020-04-11,2020-04-17,4,280000,10,N,0,0,0,
640,Happy Dragon City Culture Hotel,Shijia Hutong Chaoyangmen Nan Xiao Jie Dongcheng District 베이징 중국,2020-04-12,2020-04-14,4,580000,5,S,0,0,0,
641,Happy Dragon City Culture Hotel,Shijia Hutong Chaoyangmen Nan Xiao Jie Dongcheng District 베이징 중국,2020-04-12,2020-04-16,4,580000,9,S,0,0,0,
642,Happy Dragon City Culture Hotel,Shijia Hutong Chaoyangmen Nan Xiao Jie Dongcheng District 베이징 중국,2020-04-12,2020-04-18,4,580000,10,S,0,0,0,
643,Happy Dragon City Culture Hotel,Shijia Hutong Chaoyangmen Nan Xiao Jie Dongcheng District 베이징 중국,2020-04-12,2020-04-14,4,410000,5,D,0,0,0,
644,Happy Dragon City Culture Hotel,Shijia Hutong Chaoyangmen Nan Xiao Jie Dongcheng District 베이징 중국,2020-04-12,2020-04-16,4,410000,9,D,0,0,0,
645,Happy Dragon City Culture Hotel,Shijia Hutong Chaoyangmen Nan Xiao Jie Dongcheng District 베이징 중국,2020-04-12,2020-04-18,4,410000,10,D,0,0,0,
646,Happy Dragon City Culture Hotel,Shijia Hutong Chaoyangmen Nan Xiao Jie Dongcheng District 베이징 중국,2020-04-12,2020-04-14,4,280000,5,N,0,0,0,
647,Happy Dragon City Culture Hotel,Shijia Hutong Chaoyangmen Nan Xiao Jie Dongcheng District 베이징 중국,2020-04-12,2020-04-16,4,280000,9,N,0,0,0,
648,Happy Dragon City Culture Hotel,Shijia Hutong Chaoyangmen Nan Xiao Jie Dongcheng District 베이징 중국,2020-04-12,2020-04-18,4,280000,10,N,0,0,0,
649,Happy Dragon City Culture Hotel,Shijia Hutong Chaoyangmen Nan Xiao Jie Dongcheng District 베이징 중국,2020-04-13,2020-04-15,4,580000,5,S,0,0,0,
650,Happy Dragon City Culture Hotel,Shijia Hutong Chaoyangmen Nan Xiao Jie Dongcheng District 베이징 중국,2020-04-13,2020-04-17,4,580000,9,S,0,0,0,
651,Happy Dragon City Culture Hotel,Shijia Hutong Chaoyangmen Nan Xiao Jie Dongcheng District 베이징 중국,2020-04-13,2020-04-19,4,580000,10,S,0,0,0,
652,Happy Dragon City Culture Hotel,Shijia Hutong Chaoyangmen Nan Xiao Jie Dongcheng District 베이징 중국,2020-04-13,2020-04-15,4,410000,5,D,0,0,0,
653,Happy Dragon City Culture Hotel,Shijia Hutong Chaoyangmen Nan Xiao Jie Dongcheng District 베이징 중국,2020-04-13,2020-04-17,4,410000,9,D,0,0,0,
654,Happy Dragon City Culture Hotel,Shijia Hutong Chaoyangmen Nan Xiao Jie Dongcheng District 베이징 중국,2020-04-13,2020-04-19,4,410000,10,D,0,0,0,
655,Happy Dragon City Culture Hotel,Shijia Hutong Chaoyangmen Nan Xiao Jie Dongcheng District 베이징 중국,2020-04-13,2020-04-15,4,280000,5,N,0,0,0,
656,Happy Dragon City Culture Hotel,Shijia Hutong Chaoyangmen Nan Xiao Jie Dongcheng District 베이징 중국,2020-04-13,2020-04-17,4,280000,9,N,0,0,0,
657,Happy Dragon City Culture Hotel,Shijia Hutong Chaoyangmen Nan Xiao Jie Dongcheng District 베이징 중국,2020-04-13,2020-04-19,4,280000,10,N,0,0,0,
658,Happy Dragon City Culture Hotel,Shijia Hutong Chaoyangmen Nan Xiao Jie Dongcheng District 베이징 중국,2020-04-14,2020-04-16,4,580000,5,S,0,0,0,
659,Happy Dragon City Culture Hotel,Shijia Hutong Chaoyangmen Nan Xiao Jie Dongcheng District 베이징 중국,2020-04-14,2020-04-18,4,580000,9,S,0,0,0,
660,Happy Dragon City Culture Hotel,Shijia Hutong Chaoyangmen Nan Xiao Jie Dongcheng District 베이징 중국,2020-04-14,2020-04-20,4,580000,10,S,0,0,0,
661,Happy Dragon City Culture Hotel,Shijia Hutong Chaoyangmen Nan Xiao Jie Dongcheng District 베이징 중국,2020-04-14,2020-04-16,4,410000,5,D,0,0,0,
662,Happy Dragon City Culture Hotel,Shijia Hutong Chaoyangmen Nan Xiao Jie Dongcheng District 베이징 중국,2020-04-14,2020-04-18,4,410000,9,D,0,0,0,
663,Happy Dragon City Culture Hotel,Shijia Hutong Chaoyangmen Nan Xiao Jie Dongcheng District 베이징 중국,2020-04-14,2020-04-20,4,410000,10,D,0,0,0,
664,Happy Dragon City Culture Hotel,Shijia Hutong Chaoyangmen Nan Xiao Jie Dongcheng District 베이징 중국,2020-04-14,2020-04-16,4,280000,5,N,0,0,0,
665,Happy Dragon City Culture Hotel,Shijia Hutong Chaoyangmen Nan Xiao Jie Dongcheng District 베이징 중국,2020-04-14,2020-04-18,4,280000,9,N,0,0,0,
666,Happy Dragon City Culture Hotel,Shijia Hutong Chaoyangmen Nan Xiao Jie Dongcheng District 베이징 중국,2020-04-14,2020-04-20,4,280000,10,N,0,0,0,
667,Happy Dragon City Culture Hotel,Shijia Hutong Chaoyangmen Nan Xiao Jie Dongcheng District 베이징 중국,2020-04-15,2020-04-17,4,580000,5,S,0,0,0,
668,Happy Dragon City Culture Hotel,Shijia Hutong Chaoyangmen Nan Xiao Jie Dongcheng District 베이징 중국,2020-04-15,2020-04-19,4,580000,9,S,0,0,0,
669,Happy Dragon City Culture Hotel,Shijia Hutong Chaoyangmen Nan Xiao Jie Dongcheng District 베이징 중국,2020-04-15,2020-04-21,4,580000,10,S,0,0,0,
670,Happy Dragon City Culture Hotel,Shijia Hutong Chaoyangmen Nan Xiao Jie Dongcheng District 베이징 중국,2020-04-15,2020-04-17,4,410000,5,D,0,0,0,
671,Happy Dragon City Culture Hotel,Shijia Hutong Chaoyangmen Nan Xiao Jie Dongcheng District 베이징 중국,2020-04-15,2020-04-19,4,410000,9,D,0,0,0,
672,Happy Dragon City Culture Hotel,Shijia Hutong Chaoyangmen Nan Xiao Jie Dongcheng District 베이징 중국,2020-04-15,2020-04-21,4,410000,10,D,0,0,0,
673,Happy Dragon City Culture Hotel,Shijia Hutong Chaoyangmen Nan Xiao Jie Dongcheng District 베이징 중국,2020-04-15,2020-04-17,4,280000,5,N,0,0,0,
674,Happy Dragon City Culture Hotel,Shijia Hutong Chaoyangmen Nan Xiao Jie Dongcheng District 베이징 중국,2020-04-15,2020-04-19,4,280000,9,N,0,0,0,
675,Happy Dragon City Culture Hotel,Shijia Hutong Chaoyangmen Nan Xiao Jie Dongcheng District 베이징 중국,2020-04-15,2020-04-21,4,280000,10,N,0,0,0,
676,Happy Dragon City Culture Hotel,Shijia Hutong Chaoyangmen Nan Xiao Jie Dongcheng District 베이징 중국,2020-04-16,2020-04-18,4,580000,5,S,0,0,0,
677,Happy Dragon City Culture Hotel,Shijia Hutong Chaoyangmen Nan Xiao Jie Dongcheng District 베이징 중국,2020-04-16,2020-04-20,4,580000,9,S,0,0,0,
678,Happy Dragon City Culture Hotel,Shijia Hutong Chaoyangmen Nan Xiao Jie Dongcheng District 베이징 중국,2020-04-16,2020-04-22,4,580000,10,S,0,0,0,
679,Happy Dragon City Culture Hotel,Shijia Hutong Chaoyangmen Nan Xiao Jie Dongcheng District 베이징 중국,2020-04-16,2020-04-18,4,410000,5,D,0,0,0,
680,Happy Dragon City Culture Hotel,Shijia Hutong Chaoyangmen Nan Xiao Jie Dongcheng District 베이징 중국,2020-04-16,2020-04-20,4,410000,9,D,0,0,0,
681,Happy Dragon City Culture Hotel,Shijia Hutong Chaoyangmen Nan Xiao Jie Dongcheng District 베이징 중국,2020-04-16,2020-04-22,4,410000,10,D,0,0,0,
682,Happy Dragon City Culture Hotel,Shijia Hutong Chaoyangmen Nan Xiao Jie Dongcheng District 베이징 중국,2020-04-16,2020-04-18,4,280000,5,N,0,0,0,
683,Happy Dragon City Culture Hotel,Shijia Hutong Chaoyangmen Nan Xiao Jie Dongcheng District 베이징 중국,2020-04-16,2020-04-20,4,280000,9,N,0,0,0,
684,Happy Dragon City Culture Hotel,Shijia Hutong Chaoyangmen Nan Xiao Jie Dongcheng District 베이징 중국,2020-04-16,2020-04-22,4,280000,10,N,0,0,0,
685,Happy Dragon City Culture Hotel,Shijia Hutong Chaoyangmen Nan Xiao Jie Dongcheng District 베이징 중국,2020-04-17,2020-04-19,4,580000,5,S,0,0,0,
686,Happy Dragon City Culture Hotel,Shijia Hutong Chaoyangmen Nan Xiao Jie Dongcheng District 베이징 중국,2020-04-17,2020-04-21,4,580000,9,S,0,0,0,
687,Happy Dragon City Culture Hotel,Shijia Hutong Chaoyangmen Nan Xiao Jie Dongcheng District 베이징 중국,2020-04-17,2020-04-23,4,580000,10,S,0,0,0,
688,Happy Dragon City Culture Hotel,Shijia Hutong Chaoyangmen Nan Xiao Jie Dongcheng District 베이징 중국,2020-04-17,2020-04-19,4,410000,5,D,0,0,0,
689,Happy Dragon City Culture Hotel,Shijia Hutong Chaoyangmen Nan Xiao Jie Dongcheng District 베이징 중국,2020-04-17,2020-04-21,4,410000,9,D,0,0,0,
690,Happy Dragon City Culture Hotel,Shijia Hutong Chaoyangmen Nan Xiao Jie Dongcheng District 베이징 중국,2020-04-17,2020-04-23,4,410000,10,D,0,0,0,
691,Happy Dragon City Culture Hotel,Shijia Hutong Chaoyangmen Nan Xiao Jie Dongcheng District 베이징 중국,2020-04-17,2020-04-19,4,280000,5,N,0,0,0,
692,Happy Dragon City Culture Hotel,Shijia Hutong Chaoyangmen Nan Xiao Jie Dongcheng District 베이징 중국,2020-04-17,2020-04-21,4,280000,9,N,0,0,0,
693,Happy Dragon City Culture Hotel,Shijia Hutong Chaoyangmen Nan Xiao Jie Dongcheng District 베이징 중국,2020-04-17,2020-04-23,4,280000,10,N,0,0,0,
694,Happy Dragon City Culture Hotel,Shijia Hutong Chaoyangmen Nan Xiao Jie Dongcheng District 베이징 중국,2020-04-18,2020-04-20,4,580000,5,S,0,0,0,
695,Happy Dragon City Culture Hotel,Shijia Hutong Chaoyangmen Nan Xiao Jie Dongcheng District 베이징 중국,2020-04-18,2020-04-22,4,580000,9,S,0,0,0,
696,Happy Dragon City Culture Hotel,Shijia Hutong Chaoyangmen Nan Xiao Jie Dongcheng District 베이징 중국,2020-04-18,2020-04-24,4,580000,10,S,0,0,0,
697,Happy Dragon City Culture Hotel,Shijia Hutong Chaoyangmen Nan Xiao Jie Dongcheng District 베이징 중국,2020-04-18,2020-04-20,4,410000,5,D,0,0,0,
698,Happy Dragon City Culture Hotel,Shijia Hutong Chaoyangmen Nan Xiao Jie Dongcheng District 베이징 중국,2020-04-18,2020-04-22,4,410000,9,D,0,0,0,
699,Happy Dragon City Culture Hotel,Shijia Hutong Chaoyangmen Nan Xiao Jie Dongcheng District 베이징 중국,2020-04-18,2020-04-24,4,410000,10,D,0,0,0,
700,Happy Dragon City Culture Hotel,Shijia Hutong Chaoyangmen Nan Xiao Jie Dongcheng District 베이징 중국,2020-04-18,2020-04-20,4,280000,5,N,0,0,0,
701,Happy Dragon City Culture Hotel,Shijia Hutong Chaoyangmen Nan Xiao Jie Dongcheng District 베이징 중국,2020-04-18,2020-04-22,4,280000,9,N,0,0,0,
702,Happy Dragon City Culture Hotel,Shijia Hutong Chaoyangmen Nan Xiao Jie Dongcheng District 베이징 중국,2020-04-18,2020-04-24,4,280000,10,N,0,0,0,
703,Happy Dragon City Culture Hotel,Shijia Hutong Chaoyangmen Nan Xiao Jie Dongcheng District 베이징 중국,2020-04-19,2020-04-21,4,580000,5,S,0,0,0,
704,Happy Dragon City Culture Hotel,Shijia Hutong Chaoyangmen Nan Xiao Jie Dongcheng District 베이징 중국,2020-04-19,2020-04-23,4,580000,9,S,0,0,0,
705,Happy Dragon City Culture Hotel,Shijia Hutong Chaoyangmen Nan Xiao Jie Dongcheng District 베이징 중국,2020-04-19,2020-04-25,4,580000,10,S,0,0,0,
706,Happy Dragon City Culture Hotel,Shijia Hutong Chaoyangmen Nan Xiao Jie Dongcheng District 베이징 중국,2020-04-19,2020-04-21,4,410000,5,D,0,0,0,
707,Happy Dragon City Culture Hotel,Shijia Hutong Chaoyangmen Nan Xiao Jie Dongcheng District 베이징 중국,2020-04-19,2020-04-23,4,410000,9,D,0,0,0,
708,Happy Dragon City Culture Hotel,Shijia Hutong Chaoyangmen Nan Xiao Jie Dongcheng District 베이징 중국,2020-04-19,2020-04-25,4,410000,10,D,0,0,0,
709,Happy Dragon City Culture Hotel,Shijia Hutong Chaoyangmen Nan Xiao Jie Dongcheng District 베이징 중국,2020-04-19,2020-04-21,4,280000,5,N,0,0,0,
710,Happy Dragon City Culture Hotel,Shijia Hutong Chaoyangmen Nan Xiao Jie Dongcheng District 베이징 중국,2020-04-19,2020-04-23,4,280000,9,N,0,0,0,
711,Happy Dragon City Culture Hotel,Shijia Hutong Chaoyangmen Nan Xiao Jie Dongcheng District 베이징 중국,2020-04-19,2020-04-25,4,280000,10,N,0,0,0,
712,Happy Dragon City Culture Hotel,Shijia Hutong Chaoyangmen Nan Xiao Jie Dongcheng District 베이징 중국,2020-04-20,2020-04-22,4,580000,5,S,0,0,0,
713,Happy Dragon City Culture Hotel,Shijia Hutong Chaoyangmen Nan Xiao Jie Dongcheng District 베이징 중국,2020-04-20,2020-04-24,4,580000,9,S,0,0,0,
714,Happy Dragon City Culture Hotel,Shijia Hutong Chaoyangmen Nan Xiao Jie Dongcheng District 베이징 중국,2020-04-20,2020-04-26,4,580000,10,S,0,0,0,
715,Happy Dragon City Culture Hotel,Shijia Hutong Chaoyangmen Nan Xiao Jie Dongcheng District 베이징 중국,2020-04-20,2020-04-22,4,410000,5,D,0,0,0,
716,Happy Dragon City Culture Hotel,Shijia Hutong Chaoyangmen Nan Xiao Jie Dongcheng District 베이징 중국,2020-04-20,2020-04-24,4,410000,9,D,0,0,0,
717,Happy Dragon City Culture Hotel,Shijia Hutong Chaoyangmen Nan Xiao Jie Dongcheng District 베이징 중국,2020-04-20,2020-04-26,4,410000,10,D,0,0,0,
718,Happy Dragon City Culture Hotel,Shijia Hutong Chaoyangmen Nan Xiao Jie Dongcheng District 베이징 중국,2020-04-20,2020-04-22,4,280000,5,N,0,0,0,
719,Happy Dragon City Culture Hotel,Shijia Hutong Chaoyangmen Nan Xiao Jie Dongcheng District 베이징 중국,2020-04-20,2020-04-24,4,280000,9,N,0,0,0,
720,Happy Dragon City Culture Hotel,Shijia Hutong Chaoyangmen Nan Xiao Jie Dongcheng District 베이징 중국,2020-04-20,2020-04-26,4,280000,10,N,0,0,0,
721,Happy Dragon City Culture Hotel,Shijia Hutong Chaoyangmen Nan Xiao Jie Dongcheng District 베이징 중국,2020-04-21,2020-04-23,4,580000,5,S,0,0,0,
722,Happy Dragon City Culture Hotel,Shijia Hutong Chaoyangmen Nan Xiao Jie Dongcheng District 베이징 중국,2020-04-21,2020-04-25,4,580000,9,S,0,0,0,
723,Happy Dragon City Culture Hotel,Shijia Hutong Chaoyangmen Nan Xiao Jie Dongcheng District 베이징 중국,2020-04-21,2020-04-27,4,580000,10,S,0,0,0,
724,Happy Dragon City Culture Hotel,Shijia Hutong Chaoyangmen Nan Xiao Jie Dongcheng District 베이징 중국,2020-04-21,2020-04-23,4,410000,5,D,0,0,0,
725,Happy Dragon City Culture Hotel,Shijia Hutong Chaoyangmen Nan Xiao Jie Dongcheng District 베이징 중국,2020-04-21,2020-04-25,4,410000,9,D,0,0,0,
726,Happy Dragon City Culture Hotel,Shijia Hutong Chaoyangmen Nan Xiao Jie Dongcheng District 베이징 중국,2020-04-21,2020-04-27,4,410000,10,D,0,0,0,
727,Happy Dragon City Culture Hotel,Shijia Hutong Chaoyangmen Nan Xiao Jie Dongcheng District 베이징 중국,2020-04-21,2020-04-23,4,280000,5,N,0,0,0,
728,Happy Dragon City Culture Hotel,Shijia Hutong Chaoyangmen Nan Xiao Jie Dongcheng District 베이징 중국,2020-04-21,2020-04-25,4,280000,9,N,0,0,0,
729,Happy Dragon City Culture Hotel,Shijia Hutong Chaoyangmen Nan Xiao Jie Dongcheng District 베이징 중국,2020-04-21,2020-04-27,4,280000,10,N,0,0,0,
730,Happy Dragon City Culture Hotel,Shijia Hutong Chaoyangmen Nan Xiao Jie Dongcheng District 베이징 중국,2020-04-22,2020-04-24,4,580000,5,S,0,0,0,
731,Happy Dragon City Culture Hotel,Shijia Hutong Chaoyangmen Nan Xiao Jie Dongcheng District 베이징 중국,2020-04-22,2020-04-26,4,580000,9,S,0,0,0,
732,Happy Dragon City Culture Hotel,Shijia Hutong Chaoyangmen Nan Xiao Jie Dongcheng District 베이징 중국,2020-04-22,2020-04-28,4,580000,10,S,0,0,0,
733,Happy Dragon City Culture Hotel,Shijia Hutong Chaoyangmen Nan Xiao Jie Dongcheng District 베이징 중국,2020-04-22,2020-04-24,4,410000,5,D,0,0,0,
734,Happy Dragon City Culture Hotel,Shijia Hutong Chaoyangmen Nan Xiao Jie Dongcheng District 베이징 중국,2020-04-22,2020-04-26,4,410000,9,D,0,0,0,
735,Happy Dragon City Culture Hotel,Shijia Hutong Chaoyangmen Nan Xiao Jie Dongcheng District 베이징 중국,2020-04-22,2020-04-28,4,410000,10,D,0,0,0,
736,Happy Dragon City Culture Hotel,Shijia Hutong Chaoyangmen Nan Xiao Jie Dongcheng District 베이징 중국,2020-04-22,2020-04-24,4,280000,5,N,0,0,0,
737,Happy Dragon City Culture Hotel,Shijia Hutong Chaoyangmen Nan Xiao Jie Dongcheng District 베이징 중국,2020-04-22,2020-04-26,4,280000,9,N,0,0,0,
738,Happy Dragon City Culture Hotel,Shijia Hutong Chaoyangmen Nan Xiao Jie Dongcheng District 베이징 중국,2020-04-22,2020-04-28,4,280000,10,N,0,0,0,
739,Happy Dragon City Culture Hotel,Shijia Hutong Chaoyangmen Nan Xiao Jie Dongcheng District 베이징 중국,2020-04-23,2020-04-25,4,580000,5,S,0,0,0,
740,Happy Dragon City Culture Hotel,Shijia Hutong Chaoyangmen Nan Xiao Jie Dongcheng District 베이징 중국,2020-04-23,2020-04-27,4,580000,9,S,0,0,0,
741,Happy Dragon City Culture Hotel,Shijia Hutong Chaoyangmen Nan Xiao Jie Dongcheng District 베이징 중국,2020-04-23,2020-04-29,4,580000,10,S,0,0,0,
742,Happy Dragon City Culture Hotel,Shijia Hutong Chaoyangmen Nan Xiao Jie Dongcheng District 베이징 중국,2020-04-23,2020-04-25,4,410000,5,D,0,0,0,
743,Happy Dragon City Culture Hotel,Shijia Hutong Chaoyangmen Nan Xiao Jie Dongcheng District 베이징 중국,2020-04-23,2020-04-27,4,410000,9,D,0,0,0,
744,Happy Dragon City Culture Hotel,Shijia Hutong Chaoyangmen Nan Xiao Jie Dongcheng District 베이징 중국,2020-04-23,2020-04-29,4,410000,10,D,0,0,0,
745,Happy Dragon City Culture Hotel,Shijia Hutong Chaoyangmen Nan Xiao Jie Dongcheng District 베이징 중국,2020-04-23,2020-04-25,4,280000,5,N,0,0,0,
746,Happy Dragon City Culture Hotel,Shijia Hutong Chaoyangmen Nan Xiao Jie Dongcheng District 베이징 중국,2020-04-23,2020-04-27,4,280000,9,N,0,0,0,
747,Happy Dragon City Culture Hotel,Shijia Hutong Chaoyangmen Nan Xiao Jie Dongcheng District 베이징 중국,2020-04-23,2020-04-29,4,280000,10,N,0,0,0,
748,Happy Dragon City Culture Hotel,Shijia Hutong Chaoyangmen Nan Xiao Jie Dongcheng District 베이징 중국,2020-04-24,2020-04-26,4,580000,5,S,0,0,0,
749,Happy Dragon City Culture Hotel,Shijia Hutong Chaoyangmen Nan Xiao Jie Dongcheng District 베이징 중국,2020-04-24,2020-04-28,4,580000,9,S,0,0,0,
750,Happy Dragon City Culture Hotel,Shijia Hutong Chaoyangmen Nan Xiao Jie Dongcheng District 베이징 중국,2020-04-24,2020-04-30,4,580000,10,S,0,0,0,
751,Happy Dragon City Culture Hotel,Shijia Hutong Chaoyangmen Nan Xiao Jie Dongcheng District 베이징 중국,2020-04-24,2020-04-26,4,410000,5,D,0,0,0,
752,Happy Dragon City Culture Hotel,Shijia Hutong Chaoyangmen Nan Xiao Jie Dongcheng District 베이징 중국,2020-04-24,2020-04-28,4,410000,9,D,0,0,0,
753,Happy Dragon City Culture Hotel,Shijia Hutong Chaoyangmen Nan Xiao Jie Dongcheng District 베이징 중국,2020-04-24,2020-04-30,4,410000,10,D,0,0,0,
754,Happy Dragon City Culture Hotel,Shijia Hutong Chaoyangmen Nan Xiao Jie Dongcheng District 베이징 중국,2020-04-24,2020-04-26,4,280000,5,N,0,0,0,
755,Happy Dragon City Culture Hotel,Shijia Hutong Chaoyangmen Nan Xiao Jie Dongcheng District 베이징 중국,2020-04-24,2020-04-28,4,280000,9,N,0,0,0,
756,Happy Dragon City Culture Hotel,Shijia Hutong Chaoyangmen Nan Xiao Jie Dongcheng District 베이징 중국,2020-04-24,2020-04-30,4,280000,10,N,0,0,0,
757,Happy Dragon City Culture Hotel,Shijia Hutong Chaoyangmen Nan Xiao Jie Dongcheng District 베이징 중국,2020-04-25,2020-04-27,4,580000,5,S,0,0,0,
758,Happy Dragon City Culture Hotel,Shijia Hutong Chaoyangmen Nan Xiao Jie Dongcheng District 베이징 중국,2020-04-25,2020-04-29,4,580000,9,S,0,0,0,
759,Happy Dragon City Culture Hotel,Shijia Hutong Chaoyangmen Nan Xiao Jie Dongcheng District 베이징 중국,2020-04-25,2020-05-01,4,580000,10,S,0,0,0,
760,Happy Dragon City Culture Hotel,Shijia Hutong Chaoyangmen Nan Xiao Jie Dongcheng District 베이징 중국,2020-04-25,2020-04-27,4,410000,5,D,0,0,0,
761,Happy Dragon City Culture Hotel,Shijia Hutong Chaoyangmen Nan Xiao Jie Dongcheng District 베이징 중국,2020-04-25,2020-04-29,4,410000,9,D,0,0,0,
762,Happy Dragon City Culture Hotel,Shijia Hutong Chaoyangmen Nan Xiao Jie Dongcheng District 베이징 중국,2020-04-25,2020-05-01,4,410000,10,D,0,0,0,
763,Happy Dragon City Culture Hotel,Shijia Hutong Chaoyangmen Nan Xiao Jie Dongcheng District 베이징 중국,2020-04-25,2020-04-27,4,280000,5,N,0,0,0,
764,Happy Dragon City Culture Hotel,Shijia Hutong Chaoyangmen Nan Xiao Jie Dongcheng District 베이징 중국,2020-04-25,2020-04-29,4,280000,9,N,0,0,0,
765,Happy Dragon City Culture Hotel,Shijia Hutong Chaoyangmen Nan Xiao Jie Dongcheng District 베이징 중국,2020-04-25,2020-05-01,4,280000,10,N,0,0,0,
766,Happy Dragon City Culture Hotel,Shijia Hutong Chaoyangmen Nan Xiao Jie Dongcheng District 베이징 중국,2020-04-26,2020-04-28,4,580000,5,S,0,0,0,
767,Happy Dragon City Culture Hotel,Shijia Hutong Chaoyangmen Nan Xiao Jie Dongcheng District 베이징 중국,2020-04-26,2020-04-30,4,580000,9,S,0,0,0,
768,Happy Dragon City Culture Hotel,Shijia Hutong Chaoyangmen Nan Xiao Jie Dongcheng District 베이징 중국,2020-04-26,2020-05-02,4,580000,10,S,0,0,0,
769,Happy Dragon City Culture Hotel,Shijia Hutong Chaoyangmen Nan Xiao Jie Dongcheng District 베이징 중국,2020-04-26,2020-04-28,4,410000,5,D,0,0,0,
770,Happy Dragon City Culture Hotel,Shijia Hutong Chaoyangmen Nan Xiao Jie Dongcheng District 베이징 중국,2020-04-26,2020-04-30,4,410000,9,D,0,0,0,
771,Happy Dragon City Culture Hotel,Shijia Hutong Chaoyangmen Nan Xiao Jie Dongcheng District 베이징 중국,2020-04-26,2020-05-02,4,410000,10,D,0,0,0,
772,Happy Dragon City Culture Hotel,Shijia Hutong Chaoyangmen Nan Xiao Jie Dongcheng District 베이징 중국,2020-04-26,2020-04-28,4,280000,5,N,0,0,0,
773,Happy Dragon City Culture Hotel,Shijia Hutong Chaoyangmen Nan Xiao Jie Dongcheng District 베이징 중국,2020-04-26,2020-04-30,4,280000,9,N,0,0,0,
774,Happy Dragon City Culture Hotel,Shijia Hutong Chaoyangmen Nan Xiao Jie Dongcheng District 베이징 중국,2020-04-26,2020-05-02,4,280000,10,N,0,0,0,
775,Happy Dragon City Culture Hotel,Shijia Hutong Chaoyangmen Nan Xiao Jie Dongcheng District 베이징 중국,2020-04-27,2020-04-29,4,580000,5,S,0,0,0,
776,Happy Dragon City Culture Hotel,Shijia Hutong Chaoyangmen Nan Xiao Jie Dongcheng District 베이징 중국,2020-04-27,2020-05-01,4,580000,9,S,0,0,0,
777,Happy Dragon City Culture Hotel,Shijia Hutong Chaoyangmen Nan Xiao Jie Dongcheng District 베이징 중국,2020-04-27,2020-05-03,4,580000,10,S,0,0,0,
778,Happy Dragon City Culture Hotel,Shijia Hutong Chaoyangmen Nan Xiao Jie Dongcheng District 베이징 중국,2020-04-27,2020-04-29,4,410000,5,D,0,0,0,
779,Happy Dragon City Culture Hotel,Shijia Hutong Chaoyangmen Nan Xiao Jie Dongcheng District 베이징 중국,2020-04-27,2020-05-01,4,410000,9,D,0,0,0,
780,Happy Dragon City Culture Hotel,Shijia Hutong Chaoyangmen Nan Xiao Jie Dongcheng District 베이징 중국,2020-04-27,2020-05-03,4,410000,10,D,0,0,0,
781,Happy Dragon City Culture Hotel,Shijia Hutong Chaoyangmen Nan Xiao Jie Dongcheng District 베이징 중국,2020-04-27,2020-04-29,4,280000,5,N,0,0,0,
782,Happy Dragon City Culture Hotel,Shijia Hutong Chaoyangmen Nan Xiao Jie Dongcheng District 베이징 중국,2020-04-27,2020-05-01,4,280000,9,N,0,0,0,
783,Happy Dragon City Culture Hotel,Shijia Hutong Chaoyangmen Nan Xiao Jie Dongcheng District 베이징 중국,2020-04-27,2020-05-03,4,280000,10,N,0,0,0,
784,Happy Dragon City Culture Hotel,Shijia Hutong Chaoyangmen Nan Xiao Jie Dongcheng District 베이징 중국,2020-04-28,2020-04-30,4,580000,5,S,0,0,0,
785,Happy Dragon City Culture Hotel,Shijia Hutong Chaoyangmen Nan Xiao Jie Dongcheng District 베이징 중국,2020-04-28,2020-05-02,4,580000,9,S,0,0,0,
786,Happy Dragon City Culture Hotel,Shijia Hutong Chaoyangmen Nan Xiao Jie Dongcheng District 베이징 중국,2020-04-28,2020-05-04,4,580000,10,S,0,0,0,
787,Happy Dragon City Culture Hotel,Shijia Hutong Chaoyangmen Nan Xiao Jie Dongcheng District 베이징 중국,2020-04-28,2020-04-30,4,410000,5,D,0,0,0,
788,Happy Dragon City Culture Hotel,Shijia Hutong Chaoyangmen Nan Xiao Jie Dongcheng District 베이징 중국,2020-04-28,2020-05-02,4,410000,9,D,0,0,0,
789,Happy Dragon City Culture Hotel,Shijia Hutong Chaoyangmen Nan Xiao Jie Dongcheng District 베이징 중국,2020-04-28,2020-05-04,4,410000,10,D,0,0,0,
790,Happy Dragon City Culture Hotel,Shijia Hutong Chaoyangmen Nan Xiao Jie Dongcheng District 베이징 중국,2020-04-28,2020-04-30,4,280000,5,N,0,0,0,
791,Happy Dragon City Culture Hotel,Shijia Hutong Chaoyangmen Nan Xiao Jie Dongcheng District 베이징 중국,2020-04-28,2020-05-02,4,280000,9,N,0,0,0,
792,Happy Dragon City Culture Hotel,Shijia Hutong Chaoyangmen Nan Xiao Jie Dongcheng District 베이징 중국,2020-04-28,2020-05-04,4,280000,10,N,0,0,0,
793,Happy Dragon City Culture Hotel,Shijia Hutong Chaoyangmen Nan Xiao Jie Dongcheng District 베이징 중국,2020-04-29,2020-05-01,4,580000,5,S,0,0,0,
794,Happy Dragon City Culture Hotel,Shijia Hutong Chaoyangmen Nan Xiao Jie Dongcheng District 베이징 중국,2020-04-29,2020-05-03,4,580000,9,S,0,0,0,
795,Happy Dragon City Culture Hotel,Shijia Hutong Chaoyangmen Nan Xiao Jie Dongcheng District 베이징 중국,2020-04-29,2020-05-05,4,580000,10,S,0,0,0,
796,Happy Dragon City Culture Hotel,Shijia Hutong Chaoyangmen Nan Xiao Jie Dongcheng District 베이징 중국,2020-04-29,2020-05-01,4,410000,5,D,0,0,0,
797,Happy Dragon City Culture Hotel,Shijia Hutong Chaoyangmen Nan Xiao Jie Dongcheng District 베이징 중국,2020-04-29,2020-05-03,4,410000,9,D,0,0,0,
798,Happy Dragon City Culture Hotel,Shijia Hutong Chaoyangmen Nan Xiao Jie Dongcheng District 베이징 중국,2020-04-29,2020-05-05,4,410000,10,D,0,0,0,
799,Happy Dragon City Culture Hotel,Shijia Hutong Chaoyangmen Nan Xiao Jie Dongcheng District 베이징 중국,2020-04-29,2020-05-01,4,280000,5,N,0,0,0,
800,Happy Dragon City Culture Hotel,Shijia Hutong Chaoyangmen Nan Xiao Jie Dongcheng District 베이징 중국,2020-04-29,2020-05-03,4,280000,9,N,0,0,0,
801,Happy Dragon City Culture Hotel,Shijia Hutong Chaoyangmen Nan Xiao Jie Dongcheng District 베이징 중국,2020-04-29,2020-05-05,4,280000,10,N,0,0,0,
802,Happy Dragon City Culture Hotel,Shijia Hutong Chaoyangmen Nan Xiao Jie Dongcheng District 베이징 중국,2020-04-30,2020-05-02,4,580000,5,S,0,0,0,
803,Happy Dragon City Culture Hotel,Shijia Hutong Chaoyangmen Nan Xiao Jie Dongcheng District 베이징 중국,2020-04-30,2020-05-04,4,580000,9,S,0,0,0,
804,Happy Dragon City Culture Hotel,Shijia Hutong Chaoyangmen Nan Xiao Jie Dongcheng District 베이징 중국,2020-04-30,2020-05-06,4,580000,10,S,0,0,0,
805,Happy Dragon City Culture Hotel,Shijia Hutong Chaoyangmen Nan Xiao Jie Dongcheng District 베이징 중국,2020-04-30,2020-05-02,4,410000,5,D,0,0,0,
806,Happy Dragon City Culture Hotel,Shijia Hutong Chaoyangmen Nan Xiao Jie Dongcheng District 베이징 중국,2020-04-30,2020-05-04,4,410000,9,D,0,0,0,
807,Happy Dragon City Culture Hotel,Shijia Hutong Chaoyangmen Nan Xiao Jie Dongcheng District 베이징 중국,2020-04-30,2020-05-06,4,410000,10,D,0,0,0,
808,Happy Dragon City Culture Hotel,Shijia Hutong Chaoyangmen Nan Xiao Jie Dongcheng District 베이징 중국,2020-04-30,2020-05-02,4,280000,5,N,0,0,0,
809,Happy Dragon City Culture Hotel,Shijia Hutong Chaoyangmen Nan Xiao Jie Dongcheng District 베이징 중국,2020-04-30,2020-05-04,4,280000,9,N,0,0,0,
810,Happy Dragon City Culture Hotel,Shijia Hutong Chaoyangmen Nan Xiao Jie Dongcheng District 베이징 중국,2020-04-30,2020-05-06,4,280000,10,N,0,0,0,